case_a,case_b,metric,mean_a_minus_b,sd_difference,ci_low,ci_high,Nmc
bias_q0.00,bias_q0.02,updates,0.98,0.816249120222,0.8180384659,1.1419615341,100
bias_q0.00,bias_q0.02,J_error,-1.07393464231e-05,9.98742166943e-07,-1.09375185369e-05,-1.05411743093e-05,100
bias_q0.00,bias_q0.02,E_input,-0.00246923909272,0.000168206281661,-0.00250261486826,-0.00243586331718,100
bias_q0.00,bias_q0.02,tail_error,-2.03107366718e-05,9.5272846481e-07,-2.04997786688e-05,-2.01216946748e-05,100
bias_q0.00,bias_q0.05,updates,-7.33,2.61717327657,-7.84930395804,-6.81069604196,100
bias_q0.00,bias_q0.05,J_error,-0.000103295382773,3.09236492927e-06,-0.000103908975065,-0.000102681790482,100
bias_q0.00,bias_q0.05,E_input,-0.0204684921231,0.000547845449459,-0.0205771965459,-0.0203597877003,100
bias_q0.00,bias_q0.05,tail_error,-0.000127840704371,6.14287899933e-06,-0.000129059584835,-0.000126621823907,100
bias_q0.00,bias_q0.10,updates,-88.88,3.92165704,-89.6581418377,-88.1018581623,100
bias_q0.00,bias_q0.10,J_error,-0.000518584589513,1.2424988116e-05,-0.000521049976717,-0.000516119202309,100
bias_q0.00,bias_q0.10,E_input,-0.0874402279776,0.00195637650961,-0.087828415521,-0.0870520404342,100
bias_q0.00,bias_q0.10,tail_error,-0.000578551932379,3.07082312006e-05,-0.000584645111669,-0.000572458753089,100
bias_q0.00,bias_q0.20,updates,-213.28,5.36934809729,-214.345395151,-212.214604849,100
bias_q0.00,bias_q0.20,J_error,-0.00226410735517,5.01848417327e-05,-0.00227406511654,-0.00225414959381,100
bias_q0.00,bias_q0.20,E_input,-0.360181522454,0.00795709193625,-0.361760382125,-0.358602662784,100
bias_q0.00,bias_q0.20,tail_error,-0.00242605164596,0.000125908018153,-0.00245103452835,-0.00240106876356,100
bias_q0.02,bias_q0.05,updates,-8.31,2.35999914398,-8.7782750307,-7.8417249693,100
bias_q0.02,bias_q0.05,J_error,-9.25560363502e-05,2.31213012134e-06,-9.30148131283e-05,-9.20972595721e-05,100
bias_q0.02,bias_q0.05,E_input,-0.0179992530304,0.000415531398977,-0.0180817034749,-0.0179168025858,100
bias_q0.02,bias_q0.05,tail_error,-0.000107529967699,5.19825738642e-06,-0.000108561414741,-0.000106498520656,100
bias_q0.02,bias_q0.10,updates,-89.86,3.76592913133,-90.6072420421,-89.1127579579,100
bias_q0.02,bias_q0.10,J_error,-0.00050784524309,1.19768157733e-05,-0.000510221703178,-0.000505468783001,100
bias_q0.02,bias_q0.10,E_input,-0.0849709888849,0.00186536103949,-0.0853411169844,-0.0846008607853,100
bias_q0.02,bias_q0.10,tail_error,-0.000558241195708,2.97719152844e-05,-0.000564148589606,-0.000552333801809,100
bias_q0.02,bias_q0.20,updates,-214.26,5.3326135878,-215.318106228,-213.201893772,100
bias_q0.02,bias_q0.20,J_error,-0.00225336800875,4.98962933987e-05,-0.00226326851587,-0.00224346750163,100
bias_q0.02,bias_q0.20,E_input,-0.357712283362,0.00789548005291,-0.359278917898,-0.356145648826,100
bias_q0.02,bias_q0.20,tail_error,-0.00240574090929,0.000124966527609,-0.00243053697953,-0.00238094483904,100
bias_q0.05,bias_q0.10,updates,-81.55,3.16028064219,-82.1770682422,-80.9229317578,100
bias_q0.05,bias_q0.10,J_error,-0.000415289206739,9.89288446173e-06,-0.000417252169644,-0.000413326243835,100
bias_q0.05,bias_q0.10,E_input,-0.0669717358545,0.00146745033545,-0.0672629098376,-0.0666805618714,100
bias_q0.05,bias_q0.10,tail_error,-0.000450711228009,2.47184460235e-05,-0.00045561590397,-0.000445806552047,100
bias_q0.05,bias_q0.20,updates,-205.95,4.81028989655,-206.904465875,-204.995534125,100
bias_q0.05,bias_q0.20,J_error,-0.0021608119724,4.79061698018e-05,-0.00217031759582,-0.00215130634898,100
bias_q0.05,bias_q0.20,E_input,-0.339713030331,0.0075189461132,-0.341204952365,-0.338221108298,100
bias_q0.05,bias_q0.20,tail_error,-0.00229821094159,0.000119852180305,-0.00232199221437,-0.0022744296688,100
bias_q0.10,bias_q0.20,updates,-124.4,4.76731294623,-125.345938316,-123.454061684,100
bias_q0.10,bias_q0.20,J_error,-0.00174552276566,3.81997931158e-05,-0.00175310243336,-0.00173794309796,100
bias_q0.10,bias_q0.20,E_input,-0.272741294477,0.0060654873894,-0.273944818766,-0.271537770187,100
bias_q0.10,bias_q0.20,tail_error,-0.00184749971358,9.53901720105e-05,-0.00186642719321,-0.00182857223395,100
