case,active_matrix_maxeig,rest_matrix_maxeig,muEhat,r,rmin,Lambda4,R_ultimate,h_certified_limit,schedule_deficit_bound,aperiodic_amplitude,certified,schedule_certified,b,d,lambda_c,Nc,Lambda2,rbar,Tc,R_minrate,R_av,improvement_ratio,improvement_percent
CP_original,-1.41847518499,-0.11,0.737260801838,1.52536593278,0.2,0.00342940981648,0.00612242505037,7.311495794e-05,0.009375,0,0,1,1.47452160368,0.2,0.75,0.05,0.2,1.19402444959,0.0666666666667,0.0342940981648,0.00612242505037,0.178527075445,82.1472924555
AIP_periodic,-1.41847518499,-0.11,0.857290145415,1.28530951731,0.2,0.00857352454119,0.0178221739584,6.99790825027e-05,0.009375,0,0,1,1.71458029083,0.2,0.75,0.05,0.2,1.01398213798,0.0666666666667,0.0857352454119,0.0178221739584,0.207874531329,79.2125468671
AIPE_periodic,-1.41847518499,-0.11,0.857290145415,1.28530951731,0.2,0.00857352454119,0.0178221739584,6.99790825027e-05,0.009375,0,1,1,1.71458029083,0.2,0.75,0.05,0.2,1.01398213798,0.0666666666667,0.0857352454119,0.0178221739584,0.207874531329,79.2125468671
AIP_aperiodic_A0.4,-1.41847518499,-0.11,0.857290145415,1.28530951731,0.2,0.00857352454119,0.0178221739584,6.99790825027e-05,0.013125,0.4,0,1,1.71458029083,0.2,0.75,0.05,0.2,1.01398213798,0.0666666666667,0.0857352454119,0.0178221739584,0.207874531329,79.2125468671
AIPE_aperiodic_A0.4,-1.41847518499,-0.11,0.857290145415,1.28530951731,0.2,0.00857352454119,0.0178221739584,6.99790825027e-05,0.013125,0.4,1,1,1.71458029083,0.2,0.75,0.05,0.2,1.01398213798,0.0666666666667,0.0857352454119,0.0178221739584,0.207874531329,79.2125468671
CP_same_threshold,-1.41847518499,-0.11,0.857290145415,1.28530951731,0.2,0.00857352454119,0.0178221739584,6.99790825027e-05,0.009375,0,0,1,1.71458029083,0.2,0.75,0.05,0.2,1.01398213798,0.0666666666667,0.0857352454119,0.0178221739584,0.207874531329,79.2125468671
CP_grid_x0.1,-1.41847518499,-0.11,0.702966703673,1.59395453849,0.2,0.000857352454119,0.00147207781928,7.3986783226e-05,0.009375,0,0,1,1.40593340735,0.2,0.75,0.05,0.2,1.24546590387,0.0666666666667,0.00857352454119,0.00147207781928,0.171700426377,82.8299573623
CP_grid_x0.3,-1.41847518499,-0.11,0.737260801838,1.52536593278,0.2,0.00257205736236,0.00459181878778,7.311495794e-05,0.009375,0,0,1,1.47452160368,0.2,0.75,0.05,0.2,1.19402444959,0.0666666666667,0.0257205736236,0.00459181878778,0.178527075445,82.1472924555
CP_grid_x3.0,-1.41847518499,-0.11,1.20023112706,0.599465795046,0.2,0.0257205736236,0.105007697185,6.01375454893e-05,0.009375,0,0,1,2.40046225413,0.2,0.75,0.05,0.2,0.499599346284,0.0666666666667,0.257205736236,0.105007697185,0.408263434252,59.1736565748
CP_grid_x10.0,-1.41847518499,-0.11,2.40052456283,NaN,NaN,0.0857352454119,NaN,0,0.009375,0,0,1,4.80104912566,NaN,0.75,0.05,0.2,NaN,0.0666666666667,NaN,NaN,NaN,NaN
AIPE_grid_x0.1,-1.41847518499,-0.11,0.702966703673,1.59395453849,0.2,0.000857352454119,0.00147207781928,7.3986783226e-05,0.013125,0.4,1,1,1.40593340735,0.2,0.75,0.05,0.2,1.24546590387,0.0666666666667,0.00857352454119,0.00147207781928,0.171700426377,82.8299573623
AIPE_grid_x0.3,-1.41847518499,-0.11,0.737260801838,1.52536593278,0.2,0.00257205736236,0.00459181878778,7.311495794e-05,0.013125,0.4,1,1,1.47452160368,0.2,0.75,0.05,0.2,1.19402444959,0.0666666666667,0.0257205736236,0.00459181878778,0.178527075445,82.1472924555
AIPE_grid_x3.0,-1.41847518499,-0.11,1.20023112706,0.599465795046,0.2,0.0257205736236,0.105007697185,6.01375454893e-05,0.013125,0.4,1,1,2.40046225413,0.2,0.75,0.05,0.2,0.499599346284,0.0666666666667,0.257205736236,0.105007697185,0.408263434252,59.1736565748
AIPE_grid_x10.0,-1.41847518499,-0.11,2.40052456283,NaN,NaN,0.0857352454119,NaN,0,0.013125,0.4,0,1,4.80104912566,NaN,0.75,0.05,0.2,NaN,0.0666666666667,NaN,NaN,NaN,NaN
