case,strategy,schedule,hs,sigma1,sigma0,duty,noise,pins,gain,topology,q_h,aperiodic_amplitude
CP_original,1,1,5e-05,3e-05,2e-06,0.75,0.2,4,26,1,0,0
AIP_periodic,2,1,5e-05,0.0001,5e-06,0.75,0.2,4,26,1,0,0
AIPE_periodic,3,1,5e-05,0.0001,5e-06,0.75,0.2,4,26,1,0,0
AIP_aperiodic_A0.4,2,2,5e-05,0.0001,5e-06,0.75,0.2,4,26,1,0,0.4
AIPE_aperiodic_A0.4,3,2,5e-05,0.0001,5e-06,0.75,0.2,4,26,1,0,0.4
CP_same_threshold,1,1,5e-05,0.0001,5e-06,0.75,0.2,4,26,1,0,0
CP_grid_x0.1,1,1,5e-05,1e-05,5e-07,0.75,0.2,4,26,1,0,0
CP_grid_x0.3,1,1,5e-05,3e-05,1.5e-06,0.75,0.2,4,26,1,0,0
CP_grid_x3.0,1,1,5e-05,0.0003,1.5e-05,0.75,0.2,4,26,1,0,0
CP_grid_x10.0,1,1,5e-05,0.001,5e-05,0.75,0.2,4,26,1,0,0
AIPE_grid_x0.1,3,2,5e-05,1e-05,5e-07,0.75,0.2,4,26,1,0,0.4
AIPE_grid_x0.3,3,2,5e-05,3e-05,1.5e-06,0.75,0.2,4,26,1,0,0.4
AIPE_grid_x3.0,3,2,5e-05,0.0003,1.5e-05,0.75,0.2,4,26,1,0,0.4
AIPE_grid_x10.0,3,2,5e-05,0.001,5e-05,0.75,0.2,4,26,1,0,0.4
