case,path,updates,J_error,E_input,tail_error,final_error,max_error,pin_assignments,active_fraction,sensing_instants
bias_q0.00,1,443,0.0139701948893,2.15826024296,2.7958543758e-35,6.08964971335e-43,9.12,1772,0.75,75032
bias_q0.00,2,443,0.0139561694705,2.15527741873,2.78458308889e-35,8.42737152165e-43,9.12,1772,0.75,75032
bias_q0.00,3,440,0.0139516023044,2.15448698211,1.52738203416e-35,1.599350547e-43,9.12,1760,0.75,75032
bias_q0.00,4,442,0.013944208399,2.15247298202,1.7823719421e-35,4.0925679416e-43,9.12,1768,0.75,75032
bias_q0.00,5,442,0.0139182440121,2.14637797325,1.80234936361e-35,5.56064761008e-43,9.12,1768,0.75,75032
bias_q0.00,6,442,0.013968433337,2.15820146264,1.72412871694e-35,3.98023729371e-43,9.12,1768,0.75,75032
bias_q0.00,7,442,0.0139677523375,2.15813651721,2.29217620954e-35,4.58576317781e-43,9.12,1768,0.75,75032
bias_q0.00,8,443,0.0139620533671,2.15664785384,1.60536187021e-35,4.4745404396e-43,9.12,1772,0.75,75032
bias_q0.00,9,442,0.0140091960486,2.16743521193,2.66598296466e-35,4.15933392941e-43,9.12,1768,0.75,75032
bias_q0.00,10,441,0.0139803283574,2.16095029805,3.66922091374e-35,1.88005210587e-42,9.12,1764,0.75,75032
bias_q0.00,11,443,0.0139637435396,2.15734235875,3.13664383034e-35,6.32428121847e-43,9.12,1772,0.75,75032
bias_q0.00,12,442,0.0139666239021,2.15746078122,1.03163344478e-35,3.31845735678e-43,9.12,1768,0.75,75032
bias_q0.00,13,443,0.0139768502654,2.16015916212,1.09373302289e-35,2.78821351408e-43,9.12,1772,0.75,75032
bias_q0.00,14,446,0.0140050093402,2.16642560554,3.04840948329e-35,9.80973930841e-43,9.12,1784,0.75,75032
bias_q0.00,15,441,0.0140144815675,2.16872819386,9.98030492792e-36,3.66784204143e-43,9.12,1764,0.75,75032
bias_q0.00,16,443,0.0139539633349,2.15498818169,4.54437202688e-35,1.63203242958e-42,9.12,1772,0.75,75032
bias_q0.00,17,441,0.0139576428762,2.15572744365,2.54383165512e-35,6.31345709165e-43,9.12,1764,0.75,75032
bias_q0.00,18,443,0.0139880433137,2.16250429229,1.67394683537e-35,3.00804774741e-43,9.12,1772,0.75,75032
bias_q0.00,19,441,0.0140138356296,2.16844948388,5.31985216637e-35,1.28024001774e-42,9.12,1764,0.75,75032
bias_q0.00,20,439,0.0139500951222,2.15370682747,2.38747045313e-35,5.82898260442e-43,9.12,1756,0.75,75032
bias_q0.00,21,443,0.013988368211,2.16275808403,1.45839619797e-35,4.50858182942e-43,9.12,1772,0.75,75032
bias_q0.00,22,441,0.0139875014232,2.16245456633,3.69621062176e-35,1.17722289041e-42,9.12,1764,0.75,75032
bias_q0.00,23,442,0.0139465445862,2.15303876783,2.62076907476e-35,5.45798851397e-43,9.12,1768,0.75,75032
bias_q0.00,24,441,0.0139643692247,2.15666591678,4.26423421082e-35,1.03763144537e-42,9.12,1764,0.75,75032
bias_q0.00,25,440,0.0139615585745,2.15648526197,5.96233472657e-35,2.23556074449e-42,9.12,1760,0.75,75032
bias_q0.00,26,443,0.0139555729396,2.15517625647,1.28831762848e-35,2.80587360464e-43,9.12,1772,0.75,75032
bias_q0.00,27,442,0.0139684111422,2.15802260601,3.29468565933e-35,1.04878524249e-42,9.12,1768,0.75,75032
bias_q0.00,28,443,0.0139786044649,2.16056181788,1.63879566665e-35,2.3521154959e-43,9.12,1772,0.75,75032
bias_q0.00,29,443,0.0139970400854,2.16485429904,3.76551774427e-35,5.72524337563e-43,9.12,1772,0.75,75032
bias_q0.00,30,443,0.0140193241508,2.16969367045,6.28147260596e-35,9.60095756659e-43,9.12,1772,0.75,75032
bias_q0.00,31,441,0.0139836800996,2.16155744012,2.68017358709e-35,6.70528734383e-43,9.12,1764,0.75,75032
bias_q0.00,32,443,0.0140115861711,2.16827521482,3.55120071656e-35,4.36583814961e-43,9.12,1772,0.75,75032
bias_q0.00,33,443,0.0140060512567,2.16670487725,1.08182297434e-35,3.75955744072e-43,9.12,1772,0.75,75032
bias_q0.00,34,443,0.0140073172945,2.16692133576,1.21133984093e-35,2.51141183285e-43,9.12,1772,0.75,75032
bias_q0.00,35,442,0.013948097435,2.15329077571,3.13109553086e-35,4.02704913755e-43,9.12,1768,0.75,75032
bias_q0.00,36,442,0.0139345340135,2.15021274176,4.01322615074e-35,6.88838606553e-43,9.12,1768,0.75,75032
bias_q0.00,37,443,0.0139649161587,2.15722990883,3.92119103377e-35,2.37854211885e-42,9.12,1772,0.75,75032
bias_q0.00,38,441,0.0139873766174,2.16257190403,2.0689687575e-35,6.60202817875e-43,9.12,1764,0.75,75032
bias_q0.00,39,442,0.013974206965,2.15938355751,5.64555129581e-35,8.03401048608e-43,9.12,1768,0.75,75032
bias_q0.00,40,443,0.0139852149911,2.16205155108,2.20083708011e-35,5.3386255463e-43,9.12,1772,0.75,75032
bias_q0.00,41,442,0.013966903947,2.1577787573,2.68876291408e-35,3.57876533959e-43,9.12,1768,0.75,75032
bias_q0.00,42,442,0.0140022134371,2.16576917907,2.63410897507e-35,6.66605154151e-43,9.12,1768,0.75,75032
bias_q0.00,43,442,0.0140193797372,2.17016469855,4.85549928271e-35,1.16617513885e-42,9.12,1768,0.75,75032
bias_q0.00,44,443,0.0139440523694,2.15212989333,4.03009372429e-35,1.7577522118e-42,9.12,1772,0.75,75032
bias_q0.00,45,443,0.0140226972642,2.17053057398,2.28093305802e-35,3.6952407208e-43,9.12,1772,0.75,75032
bias_q0.00,46,443,0.0139795120592,2.16047824627,5.6166376954e-35,1.98918001453e-42,9.12,1772,0.75,75032
bias_q0.00,47,443,0.0139659186519,2.15741954492,3.36895586076e-35,7.80605418938e-43,9.12,1772,0.75,75032
bias_q0.00,48,440,0.0139247244955,2.14815949076,5.59348448552e-35,1.00087603199e-42,9.12,1760,0.75,75032
bias_q0.00,49,442,0.0139650001681,2.15740337895,1.29376085634e-35,4.40105378631e-43,9.12,1768,0.75,75032
bias_q0.00,50,442,0.0140043609515,2.16663802374,4.3649201621e-35,1.22948642815e-42,9.12,1768,0.75,75032
bias_q0.00,51,442,0.0139377809808,2.15089172051,8.20845999998e-36,1.46732428663e-43,9.12,1768,0.75,75032
bias_q0.00,52,442,0.0139771062035,2.15972940335,1.35473406836e-35,2.10795390317e-43,9.12,1768,0.75,75032
bias_q0.00,53,441,0.0139599151581,2.15605724698,1.55070522166e-35,4.77230117771e-43,9.12,1764,0.75,75032
bias_q0.00,54,443,0.0139613034567,2.15656052484,2.70737031198e-35,4.19141446487e-43,9.12,1772,0.75,75032
bias_q0.00,55,442,0.014014284307,2.16901402531,2.55398966399e-35,8.86644475098e-43,9.12,1768,0.75,75032
bias_q0.00,56,441,0.0139722459254,2.15902269229,5.25929093208e-35,8.61431514989e-43,9.12,1764,0.75,75032
bias_q0.00,57,445,0.013951679411,2.15435482017,2.28057181068e-35,5.51522635012e-43,9.12,1780,0.75,75032
bias_q0.00,58,443,0.0139808967097,2.1610530318,9.87697396196e-36,1.93086487556e-43,9.12,1772,0.75,75032
bias_q0.00,59,444,0.0139469287743,2.15309079752,4.38401336812e-35,9.47784811412e-43,9.12,1776,0.75,75032
bias_q0.00,60,442,0.0139687994201,2.1579401408,3.35105320895e-35,7.61336840035e-43,9.12,1768,0.75,75032
bias_q0.00,61,443,0.0139458829963,2.15302417376,2.93874796131e-35,4.89065698526e-43,9.12,1772,0.75,75032
bias_q0.00,62,442,0.0139359783455,2.15061016743,2.10363177504e-35,3.89920218753e-43,9.12,1768,0.75,75032
bias_q0.00,63,442,0.0139291299413,2.14915779585,9.39421975562e-36,3.14332602744e-43,9.12,1768,0.75,75032
bias_q0.00,64,443,0.0139522396566,2.15435100174,6.06717870728e-36,3.04892838811e-43,9.12,1772,0.75,75032
bias_q0.00,65,440,0.0139567268897,2.15522498214,1.37282530023e-35,2.13485356434e-43,9.12,1760,0.75,75032
bias_q0.00,66,441,0.01397031626,2.15859330347,4.46747876921e-35,5.8866745631e-43,9.12,1764,0.75,75032
bias_q0.00,67,442,0.0139622607001,2.15614396291,3.93180514688e-35,2.17306327881e-42,9.12,1768,0.75,75032
bias_q0.00,68,442,0.0139911578003,2.16357986814,1.65529233327e-35,2.75535219476e-43,9.12,1768,0.75,75032
bias_q0.00,69,443,0.0139715972827,2.15874815198,4.69435276498e-35,1.25250419427e-42,9.12,1772,0.75,75032
bias_q0.00,70,440,0.0139594129269,2.15658509509,1.87197720154e-35,5.35741837996e-43,9.12,1760,0.75,75032
bias_q0.00,71,442,0.0139609059049,2.15599073999,9.90318933685e-36,2.51149085952e-43,9.12,1768,0.75,75032
bias_q0.00,72,441,0.0139500495128,2.15387954897,1.84016182987e-35,4.69272559184e-43,9.12,1764,0.75,75032
bias_q0.00,73,444,0.0140352086051,2.17344707772,1.77669027394e-35,8.02567188943e-43,9.12,1776,0.75,75032
bias_q0.00,74,442,0.0139815398739,2.16132461218,1.16062576629e-35,2.36275344064e-43,9.12,1768,0.75,75032
bias_q0.00,75,443,0.0139905693706,2.16334414264,2.29485469681e-35,5.62928206777e-43,9.12,1772,0.75,75032
bias_q0.00,76,442,0.0139861091386,2.16244035909,2.01930883595e-35,2.40938887684e-43,9.12,1768,0.75,75032
bias_q0.00,77,444,0.0139439267623,2.15261162867,1.13917491103e-35,1.62649881605e-43,9.12,1776,0.75,75032
bias_q0.00,78,441,0.013974655726,2.15941437875,2.80348226485e-35,8.53392104026e-43,9.12,1764,0.75,75032
bias_q0.00,79,444,0.0140233969464,2.17030864936,1.55930378573e-35,5.18575452503e-43,9.12,1776,0.75,75032
bias_q0.00,80,441,0.0139762537422,2.1598312878,1.32079197054e-35,2.73369843445e-43,9.12,1764,0.75,75032
bias_q0.00,81,443,0.0140114459874,2.16812929605,2.45986278472e-35,2.01470553042e-42,9.12,1772,0.75,75032
bias_q0.00,82,443,0.0139919107719,2.16378700473,5.75024516748e-35,2.07081174674e-42,9.12,1772,0.75,75032
bias_q0.00,83,443,0.0139606002765,2.15649082093,3.26942625178e-35,5.82679432553e-43,9.12,1772,0.75,75032
bias_q0.00,84,443,0.0139614307823,2.15675827301,1.08757209087e-35,1.35449621505e-43,9.12,1772,0.75,75032
bias_q0.00,85,442,0.0139715267636,2.1587548807,2.42957151965e-35,4.0484158669e-43,9.12,1768,0.75,75032
bias_q0.00,86,442,0.0139485820693,2.15408591065,1.10887654992e-35,3.22319342029e-43,9.12,1768,0.75,75032
bias_q0.00,87,441,0.0139605282924,2.15674347523,4.25906938953e-35,8.08651362467e-43,9.12,1764,0.75,75032
bias_q0.00,88,442,0.0139217414932,2.1471428353,2.57373849013e-35,1.57049144343e-42,9.12,1768,0.75,75032
bias_q0.00,89,441,0.0140015120842,2.16524540092,1.22288960774e-35,4.25854321027e-43,9.12,1764,0.75,75032
bias_q0.00,90,443,0.0139957436951,2.16463435386,1.30235369053e-35,2.96813164565e-43,9.12,1772,0.75,75032
bias_q0.00,91,442,0.0139692638851,2.15832110167,2.41226103733e-35,4.16120126145e-43,9.12,1768,0.75,75032
bias_q0.00,92,443,0.0139675256568,2.15845467528,2.04384378638e-35,2.04858992381e-43,9.12,1772,0.75,75032
bias_q0.00,93,444,0.0139345129063,2.15031786017,1.17150036649e-35,1.81018932558e-43,9.12,1776,0.75,75032
bias_q0.00,94,442,0.0139617363886,2.1565690646,2.59754163444e-35,1.38716693975e-42,9.12,1768,0.75,75032
bias_q0.00,95,441,0.0139627389302,2.15689717467,2.0622780011e-35,1.54646524629e-42,9.12,1764,0.75,75032
bias_q0.00,96,442,0.0139549642863,2.15511766202,1.87395740881e-35,5.17700676642e-43,9.12,1768,0.75,75032
bias_q0.00,97,442,0.013973104257,2.15932921879,2.10406435533e-35,4.30421830759e-43,9.12,1768,0.75,75032
bias_q0.00,98,440,0.0139344750255,2.15035197319,2.24402187747e-35,1.09776847859e-42,9.12,1760,0.75,75032
bias_q0.00,99,441,0.0139667931557,2.157878934,2.39763179523e-35,5.98725647653e-43,9.12,1764,0.75,75032
bias_q0.00,100,442,0.0139397441105,2.15120596591,1.46462755591e-35,2.96159176728e-43,9.12,1768,0.75,75032
bias_q0.02,1,441,0.0139806784627,2.1606955631,1.96942349493e-05,2.2294756628e-05,9.12,1764,0.75,75032
bias_q0.02,2,442,0.0139666834741,2.15772607641,2.1250821274e-05,2.13062894004e-05,9.12,1768,0.75,75032
bias_q0.02,3,440,0.013962874486,2.15700728288,1.77791370003e-05,2.10583581209e-05,9.12,1760,0.75,75032
bias_q0.02,4,439,0.0139533980664,2.1547028958,1.98155835967e-05,2.11289672657e-05,9.12,1756,0.75,75032
bias_q0.02,5,441,0.0139281110533,2.14867550361,2.0428741093e-05,2.4539257476e-05,9.12,1764,0.75,75032
bias_q0.02,6,442,0.0139790893788,2.16065492083,2.00408338595e-05,2.5154503086e-05,9.12,1768,0.75,75032
bias_q0.02,7,440,0.0139783103539,2.16057548024,2.05263419847e-05,2.09520629665e-05,9.12,1760,0.75,75032
bias_q0.02,8,442,0.0139729112554,2.15914933036,2.0486398548e-05,2.35566534467e-05,9.12,1768,0.75,75032
bias_q0.02,9,441,0.0140186635957,2.16970649201,1.99256350044e-05,2.42909365642e-05,9.12,1764,0.75,75032
bias_q0.02,10,441,0.0139927911109,2.16374722807,2.2190157898e-05,2.05087681172e-05,9.12,1764,0.75,75032
bias_q0.02,11,442,0.0139745940018,2.15982929812,1.99700497354e-05,2.25801670099e-05,9.12,1768,0.75,75032
bias_q0.02,12,442,0.0139765926777,2.1597973437,2.06298299725e-05,1.86011670963e-05,9.12,1768,0.75,75032
bias_q0.02,13,442,0.0139874518936,2.16256890307,2.01750843158e-05,2.3066229901e-05,9.12,1768,0.75,75032
bias_q0.02,14,442,0.0140147938912,2.16875750574,2.08266898839e-05,2.26902253719e-05,9.12,1768,0.75,75032
bias_q0.02,15,440,0.0140258456411,2.17130001548,2.06684150626e-05,2.48539108323e-05,9.12,1760,0.75,75032
bias_q0.02,16,442,0.0139650860371,2.15750308052,2.19142284786e-05,2.02192632254e-05,9.12,1768,0.75,75032
bias_q0.02,17,441,0.0139690584201,2.1582927494,2.01794748487e-05,2.39816704494e-05,9.12,1764,0.75,75032
bias_q0.02,18,442,0.0139989201632,2.16498144264,2.01567177397e-05,1.90723247203e-05,9.12,1768,0.75,75032
bias_q0.02,19,441,0.0140242134049,2.17088697851,2.01968413724e-05,2.23107659232e-05,9.12,1764,0.75,75032
bias_q0.02,20,439,0.0139598636116,2.15601332939,2.08199022448e-05,2.33423359407e-05,9.12,1756,0.75,75032
bias_q0.02,21,443,0.0140005777745,2.16546401539,2.07318276876e-05,2.62503108631e-05,9.12,1772,0.75,75032
bias_q0.02,22,441,0.0139997912522,2.16518023946,2.02597830664e-05,2.33293446233e-05,9.12,1764,0.75,75032
bias_q0.02,23,441,0.0139577520033,2.15558355558,1.97583494687e-05,2.08759724131e-05,9.12,1764,0.75,75032
bias_q0.02,24,441,0.0139748761535,2.15913230078,2.04047065249e-05,1.94622164308e-05,9.12,1764,0.75,75032
bias_q0.02,25,440,0.0139741426738,2.15928446734,2.06402030005e-05,1.72609567857e-05,9.12,1760,0.75,75032
bias_q0.02,26,442,0.01396657656,2.15768487601,2.05534945102e-05,2.22467263352e-05,9.12,1768,0.75,75032
bias_q0.02,27,442,0.0139790997904,2.16048224106,2.10150217453e-05,2.17338772538e-05,9.12,1768,0.75,75032
bias_q0.02,28,442,0.0139884538793,2.1628721888,1.9587830309e-05,1.85204359426e-05,9.12,1768,0.75,75032
bias_q0.02,29,441,0.0140073697873,2.16724349073,1.98184816153e-05,1.85876299206e-05,9.12,1764,0.75,75032
bias_q0.02,30,442,0.0140297495929,2.17214007617,1.88325916392e-05,2.42855089995e-05,9.12,1768,0.75,75032
bias_q0.02,31,440,0.0139932977367,2.16381424284,2.0480270856e-05,2.37724386824e-05,9.12,1760,0.75,75032
bias_q0.02,32,442,0.0140225975122,2.17077130635,1.94545463634e-05,2.35515662674e-05,9.12,1768,0.75,75032
bias_q0.02,33,441,0.0140149247891,2.1688677227,2.0316234245e-05,2.39077702563e-05,9.12,1764,0.75,75032
bias_q0.02,34,442,0.0140169933207,2.16921267048,1.98368980933e-05,2.17697377697e-05,9.12,1768,0.75,75032
bias_q0.02,35,441,0.0139587236578,2.15572732028,1.95981526289e-05,2.14809993255e-05,9.12,1764,0.75,75032
bias_q0.02,36,441,0.013945683428,2.15275657643,1.9497594899e-05,2.6009694275e-05,9.12,1764,0.75,75032
bias_q0.02,37,441,0.0139758502648,2.15977368297,2.2273227236e-05,2.50362550214e-05,9.12,1764,0.75,75032
bias_q0.02,38,441,0.013999633002,2.16530021192,2.12875456724e-05,2.47017776989e-05,9.12,1764,0.75,75032
bias_q0.02,39,441,0.0139846691308,2.16180633688,1.95697043736e-05,1.98054433346e-05,9.12,1764,0.75,75032
bias_q0.02,40,443,0.0139958656537,2.16449112845,2.03567880977e-05,2.61552420287e-05,9.12,1772,0.75,75032
bias_q0.02,41,441,0.0139762772249,2.16003218689,1.90535759416e-05,2.27911797969e-05,9.12,1764,0.75,75032
bias_q0.02,42,442,0.0140141883121,2.16843536095,2.09019349613e-05,2.07326998422e-05,9.12,1768,0.75,75032
bias_q0.02,43,441,0.0140303203172,2.172670611,2.14401852002e-05,1.92522083677e-05,9.12,1764,0.75,75032
bias_q0.02,44,441,0.0139560461977,2.15484876815,2.14585316177e-05,2.07415028799e-05,9.12,1764,0.75,75032
bias_q0.02,45,442,0.0140337690079,2.17304818634,1.94839434812e-05,2.11347744846e-05,9.12,1768,0.75,75032
bias_q0.02,46,442,0.0139902393481,2.16297441224,2.00456963505e-05,2.42185861947e-05,9.12,1768,0.75,75032
bias_q0.02,47,442,0.0139771881301,2.15998551567,1.99921039846e-05,2.84123870987e-05,9.12,1768,0.75,75032
bias_q0.02,48,440,0.0139360634727,2.15073011466,2.00494118271e-05,2.22835310031e-05,9.12,1760,0.75,75032
bias_q0.02,49,440,0.0139743279262,2.15964335252,2.09332097638e-05,2.41330749649e-05,9.12,1760,0.75,75032
bias_q0.02,50,441,0.014016047458,2.16929271833,2.07170535555e-05,2.42709752171e-05,9.12,1764,0.75,75032
bias_q0.02,51,441,0.0139474913145,2.15320337215,1.99233480706e-05,2.17692457757e-05,9.12,1764,0.75,75032
bias_q0.02,52,440,0.0139860782196,2.16190068242,1.91623249059e-05,1.86490599944e-05,9.12,1760,0.75,75032
bias_q0.02,53,440,0.0139708620759,2.15855636754,2.07374259781e-05,2.32094484608e-05,9.12,1760,0.75,75032
bias_q0.02,54,442,0.0139727866211,2.15914814492,1.93506715121e-05,2.36907905032e-05,9.12,1768,0.75,75032
bias_q0.02,55,439,0.0140258870055,2.17163432114,2.10324560131e-05,2.57106258984e-05,9.12,1756,0.75,75032
bias_q0.02,56,440,0.0139836179442,2.16159996417,1.92206989914e-05,2.51972789076e-05,9.12,1760,0.75,75032
bias_q0.02,57,443,0.0139627938324,2.15688210201,1.98687876068e-05,2.25310673092e-05,9.12,1772,0.75,75032
bias_q0.02,58,441,0.0139912268861,2.16345147378,2.01599741032e-05,2.35412625784e-05,9.12,1764,0.75,75032
bias_q0.02,59,442,0.0139570461888,2.15547257041,2.00994258011e-05,2.11347377886e-05,9.12,1768,0.75,75032
bias_q0.02,60,442,0.0139806119936,2.16060853194,2.09695784919e-05,2.04461504364e-05,9.12,1768,0.75,75032
bias_q0.02,61,441,0.0139567005989,2.15548414132,1.84683423725e-05,2.20571339602e-05,9.12,1764,0.75,75032
bias_q0.02,62,441,0.0139468029695,2.153082085,2.00180111246e-05,2.15042857695e-05,9.12,1764,0.75,75032
bias_q0.02,63,440,0.0139393727883,2.15154717797,2.12318440168e-05,2.31771738143e-05,9.12,1760,0.75,75032
bias_q0.02,64,442,0.0139630219925,2.15681441345,2.19415778554e-05,1.98051233933e-05,9.12,1768,0.75,75032
bias_q0.02,65,440,0.013966115139,2.15746121393,1.91941161136e-05,2.0909461215e-05,9.12,1760,0.75,75032
bias_q0.02,66,441,0.0139815951654,2.1611583017,1.9200526347e-05,1.89795396263e-05,9.12,1764,0.75,75032
bias_q0.02,67,441,0.0139712113029,2.15834799917,2.16461065937e-05,2.37076909724e-05,9.12,1764,0.75,75032
bias_q0.02,68,442,0.0140032319315,2.16624623789,1.8476949257e-05,1.98865800515e-05,9.12,1768,0.75,75032
bias_q0.02,69,442,0.0139815534233,2.16110188262,2.05232721464e-05,2.2327952328e-05,9.12,1768,0.75,75032
bias_q0.02,70,440,0.0139715513119,2.15926431563,2.10934971109e-05,2.34792437475e-05,9.12,1760,0.75,75032
bias_q0.02,71,441,0.013971299941,2.15839591994,1.97384500226e-05,2.23074571606e-05,9.12,1764,0.75,75032
bias_q0.02,72,441,0.0139611314707,2.15639015379,2.07274410094e-05,2.15785339094e-05,9.12,1764,0.75,75032
bias_q0.02,73,443,0.0140463234423,2.17599434668,2.18476419498e-05,2.2943527445e-05,9.12,1772,0.75,75032
bias_q0.02,74,441,0.0139914319821,2.16364227324,2.02486297732e-05,2.16841353693e-05,9.12,1764,0.75,75032
bias_q0.02,75,441,0.0140005882826,2.16569865426,2.02605640344e-05,2.12831796593e-05,9.12,1764,0.75,75032
bias_q0.02,76,441,0.0139971038584,2.16496646402,1.93382498589e-05,1.95465659733e-05,9.12,1764,0.75,75032
bias_q0.02,77,442,0.0139534834282,2.15483022955,1.86365929466e-05,2.13371160879e-05,9.12,1768,0.75,75032
bias_q0.02,78,440,0.0139843467658,2.16171364976,2.04424869493e-05,2.37033609853e-05,9.12,1760,0.75,75032
bias_q0.02,79,442,0.0140323816396,2.17248025315,2.09373364294e-05,2.08970584952e-05,9.12,1768,0.75,75032
bias_q0.02,80,440,0.0139851262091,2.1619631436,1.99834782664e-05,1.95831676066e-05,9.12,1760,0.75,75032
bias_q0.02,81,443,0.014022785301,2.17072245067,2.32780620079e-05,2.55354603764e-05,9.12,1772,0.75,75032
bias_q0.02,82,441,0.0140033717669,2.16636025075,2.12993417858e-05,2.16779949956e-05,9.12,1764,0.75,75032
bias_q0.02,83,442,0.0139723821764,2.1591226309,1.99267666471e-05,2.37613689261e-05,9.12,1768,0.75,75032
bias_q0.02,84,442,0.0139729399549,2.15935367436,1.89667564407e-05,2.06863774293e-05,9.12,1768,0.75,75032
bias_q0.02,85,442,0.0139811810206,2.1610505188,1.90615310234e-05,2.3599075331e-05,9.12,1768,0.75,75032
bias_q0.02,86,441,0.0139598909757,2.15665030409,2.14408063072e-05,2.02018538697e-05,9.12,1764,0.75,75032
bias_q0.02,87,441,0.0139725272165,2.15942133039,1.94681762422e-05,2.24368478487e-05,9.12,1764,0.75,75032
bias_q0.02,88,441,0.0139326898002,2.14965413583,2.16295977423e-05,2.76992358712e-05,9.12,1764,0.75,75032
bias_q0.02,89,440,0.0140088390141,2.16716448668,2.11176343308e-05,1.84475215033e-05,9.12,1760,0.75,75032
bias_q0.02,90,441,0.0140069983086,2.16716802547,2.00786234581e-05,1.93479594863e-05,9.12,1764,0.75,75032
bias_q0.02,91,442,0.0139817594818,2.16109784261,1.95058406052e-05,2.4196719308e-05,9.12,1768,0.75,75032
bias_q0.02,92,442,0.0139791710635,2.16104064893,1.89767210009e-05,2.10510476954e-05,9.12,1768,0.75,75032
bias_q0.02,93,442,0.0139454520206,2.15278975028,1.95558534686e-05,2.10954151544e-05,9.12,1768,0.75,75032
bias_q0.02,94,442,0.0139737006947,2.15923500201,2.18155773356e-05,2.92156797994e-05,9.12,1768,0.75,75032
bias_q0.02,95,440,0.0139747130806,2.15960874174,2.23311295618e-05,1.91648920036e-05,9.12,1760,0.75,75032
bias_q0.02,96,442,0.0139667334321,2.15776720835,2.02024810713e-05,2.36557459604e-05,9.12,1768,0.75,75032
bias_q0.02,97,441,0.0139835420852,2.16172159577,2.02724067396e-05,2.0467428438e-05,9.12,1764,0.75,75032
bias_q0.02,98,439,0.0139459125187,2.15296304924,2.1785259902e-05,2.69873933056e-05,9.12,1756,0.75,75032
bias_q0.02,99,441,0.0139787579633,2.16052367467,2.00492731037e-05,2.23950798358e-05,9.12,1764,0.75,75032
bias_q0.02,100,440,0.0139484345522,2.15330972997,1.98080051797e-05,2.00865365576e-05,9.12,1760,0.75,75032
bias_q0.05,1,448,0.0140733183705,2.17875792496,0.000123595142822,0.000139346599119,9.12,1792,0.75,75032
bias_q0.05,2,452,0.0140598342689,2.1759721054,0.000133568905741,0.000133208578394,9.12,1808,0.75,75032
bias_q0.05,3,447,0.0140534864573,2.17447807077,0.000111505550095,0.000131614689538,9.12,1788,0.75,75032
bias_q0.05,4,448,0.0140445978235,2.17252366584,0.000124464527718,0.000132056028957,9.12,1792,0.75,75032
bias_q0.05,5,446,0.0140181723477,2.16620943117,0.000128084959208,0.000153374974623,9.12,1784,0.75,75032
bias_q0.05,6,451,0.014071273049,2.17854061546,0.000126108030589,0.000157218989574,9.12,1804,0.75,75032
bias_q0.05,7,447,0.0140694319019,2.17839792373,0.000128497942196,0.000130987879764,9.12,1788,0.75,75032
bias_q0.05,8,451,0.0140665868918,2.17734988531,0.000128517242982,0.000147229059669,9.12,1804,0.75,75032
bias_q0.05,9,447,0.0141102548921,2.18756600642,0.00012598788462,0.000151968571658,9.12,1788,0.75,75032
bias_q0.05,10,454,0.0140891820521,2.18244710521,0.000140389401557,0.000129266132095,9.12,1816,0.75,75032
bias_q0.05,11,452,0.0140688326425,2.1781000186,0.000124822083476,0.000141126041945,9.12,1808,0.75,75032
bias_q0.05,12,452,0.0140672361593,2.17754116639,0.000129087185691,0.000116494669902,9.12,1808,0.75,75032
bias_q0.05,13,448,0.0140772781164,2.18006177917,0.000126094494979,0.000144163936878,9.12,1792,0.75,75032
bias_q0.05,14,452,0.0141086120383,2.18699742821,0.000131226630818,0.00014374006408,9.12,1808,0.75,75032
bias_q0.05,15,447,0.0141169936987,2.18902881919,0.000131267075404,0.000158271268029,9.12,1788,0.75,75032
bias_q0.05,16,449,0.0140587335331,2.17571222161,0.000137147835869,0.000126485255102,9.12,1796,0.75,75032
bias_q0.05,17,447,0.0140613492158,2.17622206389,0.000126463952294,0.000149886592843,9.12,1788,0.75,75032
bias_q0.05,18,449,0.0140898806293,2.18271297805,0.00012704457499,0.000119449292097,9.12,1796,0.75,75032
bias_q0.05,19,450,0.0141167845698,2.18896508888,0.000126354980986,0.000139442273639,9.12,1800,0.75,75032
bias_q0.05,20,446,0.0140521505308,2.17401047206,0.000130446164838,0.000145889588362,9.12,1784,0.75,75032
bias_q0.05,21,450,0.0140944430097,2.18359721753,0.000130096728239,0.000164085071624,9.12,1800,0.75,75032
bias_q0.05,22,453,0.0140959481491,2.18367272718,0.000126827454148,0.000145808387128,9.12,1812,0.75,75032
bias_q0.05,23,449,0.0140502859595,2.17357905134,0.000123489740513,0.000130474827551,9.12,1796,0.75,75032
bias_q0.05,24,454,0.0140686826102,2.17742321127,0.000128465554929,0.000121658288387,9.12,1816,0.75,75032
bias_q0.05,25,449,0.0140717630335,2.17821969326,0.000130135363434,0.000108319802968,9.12,1796,0.75,75032
bias_q0.05,26,450,0.0140583703541,2.17553327122,0.000130436573073,0.000140664485693,9.12,1800,0.75,75032
bias_q0.05,27,454,0.0140728433226,2.17857237685,0.000132111511897,0.000136377620135,9.12,1816,0.75,75032
bias_q0.05,28,449,0.0140785077892,2.18044272991,0.000122991402434,0.000115791337204,9.12,1796,0.75,75032
bias_q0.05,29,451,0.0141004190691,2.18528001615,0.000124917916113,0.000116181564991,9.12,1804,0.75,75032
bias_q0.05,30,450,0.0141239558147,2.19050792041,0.00011912451161,0.000152600144003,9.12,1800,0.75,75032
bias_q0.05,31,448,0.0140844549865,2.18148895694,0.000129118058648,0.000148613227988,9.12,1792,0.75,75032
bias_q0.05,32,447,0.0141153780636,2.18888703284,0.000121728490999,0.000147198463616,9.12,1788,0.75,75032
bias_q0.05,33,450,0.0141025720082,2.18596930947,0.000127428446728,0.000149820292596,9.12,1800,0.75,75032
bias_q0.05,34,448,0.0141077102343,2.18699895381,0.000125022388958,0.000136219993358,9.12,1792,0.75,75032
bias_q0.05,35,449,0.0140504861896,2.173524738,0.000123304615264,0.000134262377737,9.12,1796,0.75,75032
bias_q0.05,36,450,0.0140388572182,2.17080250143,0.00012269988789,0.00016256097586,9.12,1800,0.75,75032
bias_q0.05,37,452,0.0140729664003,2.17861137946,0.000140054658812,0.000156722895274,9.12,1808,0.75,75032
bias_q0.05,38,450,0.0140959297435,2.18397705882,0.000133949164178,0.000155839937183,9.12,1800,0.75,75032
bias_q0.05,39,451,0.014077657042,2.17976224649,0.000124475545894,0.000125117349175,9.12,1804,0.75,75032
bias_q0.05,40,447,0.0140877578197,2.18229864214,0.000127313708717,0.000163470242152,9.12,1788,0.75,75032
bias_q0.05,41,449,0.0140666034617,2.17778909868,0.000120283729342,0.000143312922615,9.12,1796,0.75,75032
bias_q0.05,42,451,0.0141100010638,2.18679196255,0.000132572395682,0.00013109792125,9.12,1804,0.75,75032
bias_q0.05,43,449,0.0141243408421,2.19086492017,0.000135746973131,0.000120334306807,9.12,1796,0.75,75032
bias_q0.05,44,447,0.0140530028176,2.17365201021,0.000134802949631,0.000130735410028,9.12,1788,0.75,75032
bias_q0.05,45,450,0.0141261926645,2.19097103115,0.000122036300292,0.000135317910721,9.12,1800,0.75,75032
bias_q0.05,46,453,0.0140847934562,2.18141221608,0.000125525549455,0.000151844621853,9.12,1812,0.75,75032
bias_q0.05,47,448,0.0140710822669,2.17824217903,0.000127413666872,0.000177662267459,9.12,1792,0.75,75032
bias_q0.05,48,449,0.0140296436194,2.16887239058,0.000126044178971,0.000139277008987,9.12,1796,0.75,75032
bias_q0.05,49,450,0.0140640521449,2.17714766762,0.000131084453633,0.000150831802933,9.12,1800,0.75,75032
bias_q0.05,50,448,0.0141125256679,2.18803457774,0.000131056633068,0.000152034903392,9.12,1792,0.75,75032
bias_q0.05,51,451,0.0140379357149,2.17083597212,0.000126171342002,0.000136069433285,9.12,1804,0.75,75032
bias_q0.05,52,445,0.0140752951055,2.17934894568,0.000121754843299,0.000116564726731,9.12,1780,0.75,75032
bias_q0.05,53,447,0.0140616110107,2.17628314861,0.000129906771975,0.000145106613192,9.12,1788,0.75,75032
bias_q0.05,54,452,0.0140655984385,2.17716691778,0.000121661462419,0.000148080831095,9.12,1808,0.75,75032
bias_q0.05,55,453,0.0141218171448,2.1900939565,0.000133685209612,0.000160705330166,9.12,1812,0.75,75032
bias_q0.05,56,445,0.0140778587773,2.18001052294,0.000120185004046,0.000157489671706,9.12,1780,0.75,75032
bias_q0.05,57,451,0.01405593636,2.1749622153,0.000124380582107,0.000140819241826,9.12,1804,0.75,75032
bias_q0.05,58,450,0.0140828653118,2.18122880529,0.000127304704312,0.000147144432779,9.12,1800,0.75,75032
bias_q0.05,59,452,0.0140511611656,2.17383638899,0.000126967905288,0.000132111474567,9.12,1808,0.75,75032
bias_q0.05,60,450,0.0140752402623,2.17906154403,0.000132577656465,0.000130491591454,9.12,1800,0.75,75032
bias_q0.05,61,446,0.0140494413528,2.17353246223,0.000115516251148,0.000137857076411,9.12,1784,0.75,75032
bias_q0.05,62,453,0.0140397953755,2.17114696167,0.000125600937196,0.000134404196296,9.12,1812,0.75,75032
bias_q0.05,63,450,0.0140309313347,2.16925772778,0.000136169093185,0.000146661270971,9.12,1800,0.75,75032
bias_q0.05,64,447,0.0140550113008,2.17477326433,0.000137313575691,0.000123782778624,9.12,1788,0.75,75032
bias_q0.05,65,452,0.014055678148,2.17486063535,0.000122423241978,0.000130797266896,9.12,1808,0.75,75032
bias_q0.05,66,451,0.0140746197602,2.17916972974,0.00012172193347,0.000118670949162,9.12,1804,0.75,75032
bias_q0.05,67,450,0.0140656869979,2.17677080124,0.000135825344775,0.000148608144855,9.12,1800,0.75,75032
bias_q0.05,68,450,0.0140938304443,2.18387552179,0.000115480972098,0.000124291125391,9.12,1800,0.75,75032
bias_q0.05,69,452,0.014076257202,2.17948424039,0.000130159450569,0.000140499275332,9.12,1808,0.75,75032
bias_q0.05,70,449,0.0140635985452,2.17710611967,0.000134206402835,0.000147436477718,9.12,1796,0.75,75032
bias_q0.05,71,450,0.0140608736308,2.17586685598,0.000124565137503,0.000139592802769,9.12,1800,0.75,75032
bias_q0.05,72,454,0.014054015768,2.17434863852,0.000131657509581,0.000135003776234,9.12,1816,0.75,75032
bias_q0.05,73,451,0.0141394111884,2.19419713598,0.000136829142388,0.000143905436315,9.12,1804,0.75,75032
bias_q0.05,74,449,0.0140808414973,2.18113015433,0.000129219261572,0.000137242704972,9.12,1796,0.75,75032
bias_q0.05,75,449,0.0140916604735,2.18345138339,0.000127488171299,0.000133290580632,9.12,1796,0.75,75032
bias_q0.05,76,451,0.0140903567462,2.18313125168,0.000123100880772,0.000122200255265,9.12,1804,0.75,75032
bias_q0.05,77,443,0.0140410559819,2.17192245054,0.000116478739522,0.00013335697559,9.12,1772,0.75,75032
bias_q0.05,78,447,0.0140761180936,2.17968157117,0.000128528972616,0.000148528109743,9.12,1788,0.75,75032
bias_q0.05,79,446,0.0141210655577,2.18986400265,0.000131238967196,0.000131150370198,9.12,1784,0.75,75032
bias_q0.05,80,446,0.0140723875508,2.17905215425,0.000125551218014,0.000122400225526,9.12,1784,0.75,75032
bias_q0.05,81,455,0.0141196423104,2.18943867971,0.000147633844902,0.000159673058128,9.12,1820,0.75,75032
bias_q0.05,82,447,0.0140979341229,2.184714911,0.000133532961517,0.000135487478469,9.12,1788,0.75,75032
bias_q0.05,83,448,0.0140660012108,2.1773488914,0.000125031413971,0.000148509243663,9.12,1792,0.75,75032
bias_q0.05,84,450,0.0140642250349,2.17714859926,0.000118852212126,0.000129830427081,9.12,1800,0.75,75032
bias_q0.05,85,450,0.0140721776728,2.1787330432,0.000119540121415,0.000147858175736,9.12,1800,0.75,75032
bias_q0.05,86,452,0.0140512403938,2.17443198575,0.000135125920474,0.000128100521317,9.12,1808,0.75,75032
bias_q0.05,87,451,0.0140670590166,2.17768537213,0.000122129503795,0.000140552613202,9.12,1804,0.75,75032
bias_q0.05,88,454,0.0140274011803,2.16793367699,0.000136447115893,0.000173129522388,9.12,1816,0.75,75032
bias_q0.05,89,448,0.0140956093229,2.18417968309,0.000132907172329,0.000115348590035,9.12,1792,0.75,75032
bias_q0.05,90,447,0.0140994037329,2.18509889444,0.000125696199678,0.00012092554865,9.12,1788,0.75,75032
bias_q0.05,91,454,0.0140757726212,2.17937503752,0.000122368428641,0.000151229463131,9.12,1816,0.75,75032
bias_q0.05,92,452,0.0140700709783,2.17863844248,0.000118704700277,0.000131576192263,9.12,1808,0.75,75032
bias_q0.05,93,449,0.0140359271641,2.17035915274,0.000122478901812,0.000131846471184,9.12,1796,0.75,75032
bias_q0.05,94,446,0.0140679015241,2.17754918901,0.000136547076032,0.000182610206077,9.12,1784,0.75,75032
bias_q0.05,95,447,0.01407165809,2.17851775461,0.000140985913636,0.000121219659717,9.12,1788,0.75,75032
bias_q0.05,96,452,0.0140619130945,2.17629460812,0.000127433213952,0.000147860150233,9.12,1808,0.75,75032
bias_q0.05,97,448,0.0140733185966,2.17920059882,0.000127158727136,0.000132844463576,9.12,1792,0.75,75032
bias_q0.05,98,448,0.0140405278358,2.17148063467,0.000136905002246,0.000169003021425,9.12,1792,0.75,75032
bias_q0.05,99,447,0.0140727579828,2.17871264645,0.000126188170412,0.000141582064314,9.12,1788,0.75,75032
bias_q0.05,100,445,0.0140374739865,2.17069689899,0.000123800032463,0.000125540853597,9.12,1780,0.75,75032
bias_q0.10,1,531,0.0144912198766,2.24618950873,0.000554738664315,0.000629838791273,9.12,2124,0.75,75032
bias_q0.10,2,533,0.0144826460895,2.24403557346,0.000610147883937,0.000621132117576,9.12,2132,0.75,75032
bias_q0.10,3,527,0.0144519736673,2.23895536983,0.000497311177501,0.000581461520822,9.12,2108,0.75,75032
bias_q0.10,4,531,0.0144609083962,2.23956608643,0.000567466436994,0.000604546018061,9.12,2124,0.75,75032
bias_q0.10,5,524,0.0144245596163,2.23173371383,0.00057435357841,0.000718776984697,9.12,2096,0.75,75032
bias_q0.10,6,533,0.0144806357324,2.24514072171,0.000567618423589,0.000706214982521,9.12,2132,0.75,75032
bias_q0.10,7,530,0.0144850899249,2.24464042336,0.00059368473489,0.000595878049522,9.12,2120,0.75,75032
bias_q0.10,8,529,0.0144876086485,2.24487797487,0.000581654180939,0.000680974381183,9.12,2116,0.75,75032
bias_q0.10,9,528,0.0145288432827,2.25485101527,0.000559141120464,0.000681921804213,9.12,2112,0.75,75032
bias_q0.10,10,535,0.0145176479673,2.25123498127,0.000646439505099,0.000601350931749,9.12,2140,0.75,75032
bias_q0.10,11,536,0.0144953578964,2.24616352597,0.000575742565017,0.000641301706985,9.12,2144,0.75,75032
bias_q0.10,12,531,0.0144791987511,2.24373643615,0.00058039158956,0.000533974077557,9.12,2124,0.75,75032
bias_q0.10,13,524,0.0144784845421,2.24498678199,0.000567299475835,0.0006460134307,9.12,2096,0.75,75032
bias_q0.10,14,534,0.0145368103089,2.25573512443,0.000599643647031,0.000634781587773,9.12,2136,0.75,75032
bias_q0.10,15,522,0.0145189581386,2.25427741737,0.000594282012263,0.000727535500037,9.12,2088,0.75,75032
bias_q0.10,16,533,0.0144787853798,2.24353062095,0.000625642265668,0.00056502007374,9.12,2132,0.75,75032
bias_q0.10,17,524,0.0144709591469,2.24254430662,0.000569002922965,0.000655963437459,9.12,2096,0.75,75032
bias_q0.10,18,530,0.0144957279106,2.24852085823,0.000574090973698,0.000524068702135,9.12,2120,0.75,75032
bias_q0.10,19,535,0.0145352057946,2.2563807057,0.000577630332075,0.000632059236995,9.12,2140,0.75,75032
bias_q0.10,20,529,0.0144748835177,2.24173429373,0.000606838612023,0.000647374875588,9.12,2116,0.75,75032
bias_q0.10,21,534,0.0145100541194,2.25029903377,0.000590535527092,0.000712505959683,9.12,2136,0.75,75032
bias_q0.10,22,540,0.0145206412222,2.25190299219,0.000571781219756,0.000667551535764,9.12,2160,0.75,75032
bias_q0.10,23,534,0.0144627961935,2.24013176335,0.000562781433766,0.000593427660229,9.12,2136,0.75,75032
bias_q0.10,24,534,0.0144914930402,2.24572573761,0.00059143929413,0.000552183938324,9.12,2136,0.75,75032
bias_q0.10,25,532,0.0145080064549,2.24806825297,0.000602143225119,0.000492216589604,9.12,2128,0.75,75032
bias_q0.10,26,529,0.0144687364249,2.24188640689,0.000583126200715,0.000583678115815,9.12,2116,0.75,75032
bias_q0.10,27,530,0.0144882971786,2.24595152418,0.000589692600172,0.000606903096819,9.12,2120,0.75,75032
bias_q0.10,28,533,0.0144859409206,2.2462470681,0.000558594203558,0.000522878497845,9.12,2132,0.75,75032
bias_q0.10,29,535,0.0145203083586,2.25273944621,0.000569877778363,0.000525144437187,9.12,2140,0.75,75032
bias_q0.10,30,535,0.0145527661668,2.25924452715,0.000536886090728,0.000682952979478,9.12,2140,0.75,75032
bias_q0.10,31,527,0.0144924641149,2.2479103524,0.000575949484266,0.000681206344556,9.12,2108,0.75,75032
bias_q0.10,32,530,0.0145329339378,2.25621596942,0.000557614956806,0.000682548288591,9.12,2120,0.75,75032
bias_q0.10,33,528,0.014499046373,2.25013472659,0.000580032421941,0.000690220659157,9.12,2112,0.75,75032
bias_q0.10,34,528,0.0145189980265,2.2536472254,0.000558745576069,0.000613659366982,9.12,2112,0.75,75032
bias_q0.10,35,530,0.0144602217906,2.23968871272,0.000548544486213,0.000608461035335,9.12,2120,0.75,75032
bias_q0.10,36,532,0.0144522499649,2.23778145785,0.00055345340793,0.000714676312192,9.12,2128,0.75,75032
bias_q0.10,37,530,0.0145072496955,2.2490627546,0.000636768099168,0.000717212122558,9.12,2120,0.75,75032
bias_q0.10,38,530,0.0145228573102,2.25287040166,0.000607400966225,0.000686097245452,9.12,2120,0.75,75032
bias_q0.10,39,535,0.0144909046436,2.24687945867,0.000550519535978,0.000556950082859,9.12,2140,0.75,75032
bias_q0.10,40,533,0.0144989761484,2.24857366012,0.000580407839115,0.000741449281463,9.12,2132,0.75,75032
bias_q0.10,41,531,0.014482963069,2.2445654839,0.00054086716745,0.000627996180455,9.12,2124,0.75,75032
bias_q0.10,42,536,0.0145297729148,2.25475634806,0.000589620551109,0.000568713219231,9.12,2144,0.75,75032
bias_q0.10,43,527,0.0145416779568,2.25849602212,0.000612355314049,0.000536719748451,9.12,2108,0.75,75032
bias_q0.10,44,535,0.0144874354194,2.24336196527,0.000615949882777,0.000598006916404,9.12,2140,0.75,75032
bias_q0.10,45,533,0.014538247002,2.25745449715,0.000563205655471,0.000593422091859,9.12,2132,0.75,75032
bias_q0.10,46,541,0.0145153604534,2.25043359223,0.000575367533514,0.000655612740487,9.12,2164,0.75,75032
bias_q0.10,47,532,0.0144908523138,2.24600368897,0.000571433757586,0.000782255869567,9.12,2128,0.75,75032
bias_q0.10,48,534,0.0144468120704,2.23607428339,0.000573700682906,0.00063961848405,9.12,2136,0.75,75032
bias_q0.10,49,531,0.0144725330371,2.24271917121,0.000601376365302,0.000692083332959,9.12,2124,0.75,75032
bias_q0.10,50,533,0.0145461022779,2.25767279556,0.000590005966242,0.000669468135959,9.12,2132,0.75,75032
bias_q0.10,51,533,0.0144492170519,2.23680234581,0.000564920859185,0.000630405729477,9.12,2132,0.75,75032
bias_q0.10,52,526,0.014481987022,2.24508967711,0.000545208273371,0.000522209985667,9.12,2104,0.75,75032
bias_q0.10,53,531,0.014468181617,2.24192951491,0.000583438441468,0.000642464673651,9.12,2124,0.75,75032
bias_q0.10,54,536,0.0144782657458,2.24366219497,0.000544202929901,0.000665079228636,9.12,2144,0.75,75032
bias_q0.10,55,528,0.0145427367373,2.25846319797,0.000594471082256,0.000726089939899,9.12,2112,0.75,75032
bias_q0.10,56,531,0.0145051130171,2.2483754511,0.000549973548678,0.000712405665118,9.12,2124,0.75,75032
bias_q0.10,57,536,0.0144715385685,2.24198639904,0.000566646029786,0.000629360907685,9.12,2144,0.75,75032
bias_q0.10,58,531,0.0144960142934,2.24736547193,0.000582006187042,0.000661337163263,9.12,2124,0.75,75032
bias_q0.10,59,535,0.0144758847529,2.24268708968,0.000576150262036,0.000615890255202,9.12,2140,0.75,75032
bias_q0.10,60,531,0.0144985720729,2.2474289051,0.000602706527278,0.000582466987867,9.12,2124,0.75,75032
bias_q0.10,61,529,0.0144666706229,2.24086102035,0.000518973140238,0.000607618933847,9.12,2116,0.75,75032
bias_q0.10,62,532,0.014456096206,2.23834508913,0.000577347237136,0.000610391879115,9.12,2128,0.75,75032
bias_q0.10,63,529,0.014439438832,2.23513362537,0.00061545309099,0.000683900242046,9.12,2116,0.75,75032
bias_q0.10,64,525,0.0144701744615,2.2415617789,0.000628777402097,0.000567335530742,9.12,2100,0.75,75032
bias_q0.10,65,529,0.0144577410111,2.2399796746,0.000540499654629,0.000596670168453,9.12,2116,0.75,75032
bias_q0.10,66,532,0.014487923981,2.24585606887,0.000545800468489,0.000534889473247,9.12,2128,0.75,75032
bias_q0.10,67,531,0.0145006674997,2.24664794268,0.00061603101461,0.000684154630408,9.12,2124,0.75,75032
bias_q0.10,68,526,0.0144934309073,2.24833294415,0.000519642794609,0.000549166215729,9.12,2104,0.75,75032
bias_q0.10,69,537,0.0145059598173,2.24860729298,0.000583746071071,0.000647751107407,9.12,2148,0.75,75032
bias_q0.10,70,531,0.0144666539577,2.24262185339,0.000607563080796,0.00065237183687,9.12,2124,0.75,75032
bias_q0.10,71,531,0.014462513898,2.24070191226,0.000559479692338,0.000633563985815,9.12,2124,0.75,75032
bias_q0.10,72,532,0.0144670157666,2.24087904873,0.000600450024073,0.000634535319911,9.12,2128,0.75,75032
bias_q0.10,73,537,0.0145578660018,2.26170256086,0.00062932859757,0.000664608972255,9.12,2148,0.75,75032
bias_q0.10,74,533,0.0144879610724,2.24636387994,0.00058192951137,0.000620057757279,9.12,2132,0.75,75032
bias_q0.10,75,531,0.0145027482066,2.24966546744,0.000584093852301,0.000613325411536,9.12,2124,0.75,75032
bias_q0.10,76,535,0.0145101499531,2.25062285426,0.000550481592248,0.000542356333216,9.12,2140,0.75,75032
bias_q0.10,77,525,0.0144348749019,2.2357862833,0.000511755318816,0.000612667871306,9.12,2100,0.75,75032
bias_q0.10,78,530,0.0144959994121,2.24725765924,0.000582862753466,0.000682895719726,9.12,2120,0.75,75032
bias_q0.10,79,529,0.0145273980345,2.25537086973,0.000597596090659,0.000567793076677,9.12,2116,0.75,75032
bias_q0.10,80,525,0.0144670861161,2.2432082643,0.000566197107291,0.000570454717906,9.12,2100,0.75,75032
bias_q0.10,81,536,0.0145510334844,2.25897082725,0.000674914637005,0.000743727808041,9.12,2144,0.75,75032
bias_q0.10,82,530,0.0145205509838,2.2528480226,0.000605206281516,0.000599673141471,9.12,2120,0.75,75032
bias_q0.10,83,529,0.0144827822595,2.24467102456,0.000564058928022,0.000676447694047,9.12,2116,0.75,75032
bias_q0.10,84,532,0.014467168798,2.24263096254,0.00053540410931,0.000572667348598,9.12,2128,0.75,75032
bias_q0.10,85,534,0.0144835520662,2.2449814511,0.000540283711193,0.000667708544072,9.12,2136,0.75,75032
bias_q0.10,86,527,0.0144569102773,2.24014042905,0.000615095234122,0.000571406482155,9.12,2108,0.75,75032
bias_q0.10,87,534,0.0144848462735,2.24506457893,0.000552936946926,0.000637236819992,9.12,2136,0.75,75032
bias_q0.10,88,536,0.0144488470378,2.23597435717,0.000615165644276,0.0008011705576,9.12,2144,0.75,75032
bias_q0.10,89,528,0.0144979556121,2.24899084827,0.000597857985255,0.000528344808303,9.12,2112,0.75,75032
bias_q0.10,90,534,0.0145133067033,2.2517206756,0.000567922673708,0.000537046279254,9.12,2136,0.75,75032
bias_q0.10,91,532,0.0144884651773,2.24630205135,0.000554230171016,0.000669436546478,9.12,2128,0.75,75032
bias_q0.10,92,533,0.0144719623276,2.24327778745,0.000532342945691,0.000589180659381,9.12,2132,0.75,75032
bias_q0.10,93,523,0.0144371030726,2.23537614424,0.000557928282621,0.000576723100623,9.12,2092,0.75,75032
bias_q0.10,94,522,0.014486605497,2.24526547353,0.000622196147646,0.000802257262071,9.12,2088,0.75,75032
bias_q0.10,95,527,0.014508026241,2.2485205899,0.000648139827424,0.000558429883419,9.12,2108,0.75,75032
bias_q0.10,96,537,0.0144886603401,2.24470077914,0.000577846323675,0.000681197690806,9.12,2148,0.75,75032
bias_q0.10,97,527,0.0144745891382,2.24424781038,0.000566570050565,0.000576487372975,9.12,2108,0.75,75032
bias_q0.10,98,536,0.0144682735163,2.24016603449,0.000624346194218,0.000785142302784,9.12,2144,0.75,75032
bias_q0.10,99,528,0.0144879316158,2.24589992002,0.000558409467932,0.000599075924821,9.12,2112,0.75,75032
bias_q0.10,100,522,0.0144434536497,2.23630475916,0.000553307714223,0.000578218574858,9.12,2088,0.75,75032
bias_q0.20,1,662,0.0162534877813,2.52099854913,0.00234862217294,0.00265254722863,9.12,2648,0.75,75032
bias_q0.20,2,672,0.0162564263458,2.52179486356,0.00256109816949,0.00260192664599,9.12,2688,0.75,75032
bias_q0.20,3,644,0.0161239616478,2.50015135588,0.0020931403839,0.00248731581424,9.12,2576,0.75,75032
bias_q0.20,4,657,0.0162189687107,2.514156428,0.00236830533055,0.00251990609332,9.12,2628,0.75,75032
bias_q0.20,5,650,0.0161390003017,2.49924947906,0.00241249078624,0.00298060907879,9.12,2600,0.75,75032
bias_q0.20,6,658,0.0162179619032,2.5162211778,0.0023704854384,0.00292951642509,9.12,2632,0.75,75032
bias_q0.20,7,652,0.016212144495,2.51454954708,0.00247145264134,0.00247675261699,9.12,2608,0.75,75032
bias_q0.20,8,652,0.016251207887,2.52032731886,0.00243812286048,0.00280151665271,9.12,2608,0.75,75032
bias_q0.20,9,658,0.0162910360871,2.53003689749,0.00235638174632,0.00283699072603,9.12,2632,0.75,75032
bias_q0.20,10,662,0.0163062471062,2.53036623891,0.00270717063141,0.00247884794597,9.12,2648,0.75,75032
bias_q0.20,11,659,0.0162698571967,2.52368598221,0.00240149684136,0.00267347665443,9.12,2636,0.75,75032
bias_q0.20,12,656,0.0162095967076,2.51412553274,0.00242924500673,0.00220294505957,9.12,2624,0.75,75032
bias_q0.20,13,649,0.0161716305355,2.50873537884,0.00238524391265,0.00276743434773,9.12,2596,0.75,75032
bias_q0.20,14,658,0.0163327886863,2.53684092915,0.00249862541513,0.00265515602906,9.12,2632,0.75,75032
bias_q0.20,15,657,0.0162140530066,2.51884817617,0.00249617148827,0.00307968771043,9.12,2628,0.75,75032
bias_q0.20,16,662,0.0162398097388,2.51954635451,0.00262481744559,0.0023732452045,9.12,2648,0.75,75032
bias_q0.20,17,650,0.0161958097168,2.51180451261,0.00239128030052,0.00275999999137,9.12,2600,0.75,75032
bias_q0.20,18,651,0.0162012117036,2.51580382642,0.00241560139488,0.00222898963235,9.12,2604,0.75,75032
bias_q0.20,19,660,0.0162943039809,2.53129335404,0.00241485701531,0.00263277641448,9.12,2640,0.75,75032
bias_q0.20,20,648,0.0162442694575,2.51858840935,0.00252000444607,0.0027377945439,9.12,2592,0.75,75032
bias_q0.20,21,658,0.0162416644756,2.52021782968,0.00246126809575,0.00301900210892,9.12,2632,0.75,75032
bias_q0.20,22,654,0.0162900845696,2.52849019766,0.00239114477321,0.00278392564253,9.12,2616,0.75,75032
bias_q0.20,23,658,0.0161991798608,2.51093370106,0.00237694314492,0.00245659402067,9.12,2632,0.75,75032
bias_q0.20,24,662,0.0162740534311,2.524089619,0.00245694384903,0.00231634244636,9.12,2648,0.75,75032
bias_q0.20,25,660,0.0163230856507,2.53159143787,0.00251717681829,0.00206656523973,9.12,2640,0.75,75032
bias_q0.20,26,649,0.0161979195255,2.5112024692,0.0024586382964,0.00253176575122,9.12,2596,0.75,75032
bias_q0.20,27,657,0.0162453309371,2.52055556797,0.00248775727916,0.00253768718165,9.12,2628,0.75,75032
bias_q0.20,28,655,0.0162029251112,2.51461749897,0.00235208811918,0.00218410428338,9.12,2620,0.75,75032
bias_q0.20,29,653,0.016280276252,2.52829598704,0.00236723946381,0.00217248182535,9.12,2612,0.75,75032
bias_q0.20,30,661,0.0163459312268,2.54004844726,0.00224168137456,0.00283500473214,9.12,2644,0.75,75032
bias_q0.20,31,655,0.0162336539626,2.51935165274,0.00243739313077,0.00283208094189,9.12,2620,0.75,75032
bias_q0.20,32,658,0.016285578221,2.53045404636,0.00234016463974,0.00281996543944,9.12,2632,0.75,75032
bias_q0.20,33,656,0.0161815931681,2.51240209431,0.00243175343552,0.00287333314071,9.12,2624,0.75,75032
bias_q0.20,34,654,0.0162651003297,2.52596394256,0.00237724771367,0.00255053391279,9.12,2616,0.75,75032
bias_q0.20,35,655,0.016178885094,2.50917687052,0.00229717514648,0.00252088867774,9.12,2620,0.75,75032
bias_q0.20,36,655,0.0161925328302,2.51024854889,0.0023251877513,0.00299023848536,9.12,2620,0.75,75032
bias_q0.20,37,662,0.0163414926693,2.53671385683,0.00267481631649,0.00299960714355,9.12,2648,0.75,75032
bias_q0.20,38,659,0.0163126640085,2.53265074851,0.00256106213408,0.00288648370732,9.12,2636,0.75,75032
bias_q0.20,39,658,0.0162424066349,2.52024290933,0.00233138654439,0.00234836459513,9.12,2632,0.75,75032
bias_q0.20,40,645,0.0162257397095,2.51841800468,0.00243193442012,0.00310416518249,9.12,2580,0.75,75032
bias_q0.20,41,657,0.0162305682968,2.51774361241,0.00226701877407,0.00267503294641,9.12,2628,0.75,75032
bias_q0.20,42,659,0.0162938564728,2.53037082392,0.00246764217054,0.00238662082544,9.12,2636,0.75,75032
bias_q0.20,43,657,0.016306244142,2.53408210464,0.00258211582581,0.00226958461612,9.12,2628,0.75,75032
bias_q0.20,44,656,0.0162951154281,2.52676764907,0.00256277625572,0.00248822473223,9.12,2624,0.75,75032
bias_q0.20,45,657,0.0162640378024,2.52770711619,0.00234705768675,0.00250949894121,9.12,2628,0.75,75032
bias_q0.20,46,662,0.0163156739986,2.5314313073,0.00241874648506,0.00280632927162,9.12,2648,0.75,75032
bias_q0.20,47,657,0.0162564638542,2.52148113655,0.00240346409439,0.00331252007347,9.12,2628,0.75,75032
bias_q0.20,48,662,0.0161946973283,2.50955411179,0.00239775790647,0.00261959232374,9.12,2648,0.75,75032
bias_q0.20,49,646,0.0161929700758,2.51112281604,0.00249640156216,0.00285375088241,9.12,2584,0.75,75032
bias_q0.20,50,658,0.0163547457852,2.54076425861,0.0024701132812,0.00283116711132,9.12,2632,0.75,75032
bias_q0.20,51,651,0.0161741163554,2.50621001802,0.00236859718573,0.00261880318832,9.12,2604,0.75,75032
bias_q0.20,52,657,0.0162030256614,2.51417214559,0.00228993694999,0.00217811882355,9.12,2628,0.75,75032
bias_q0.20,53,649,0.0161736032222,2.50877183912,0.00246655517063,0.00268268919957,9.12,2596,0.75,75032
bias_q0.20,54,652,0.0162070430569,2.51388892756,0.00228677968266,0.00274861489316,9.12,2608,0.75,75032
bias_q0.20,55,654,0.0163173982269,2.53644361854,0.0024893560183,0.00300342144415,9.12,2616,0.75,75032
bias_q0.20,56,652,0.0162879505812,2.52662704917,0.002287267759,0.0029580656143,9.12,2608,0.75,75032
bias_q0.20,57,662,0.0162153034767,2.5144273644,0.00236040194319,0.00266847446528,9.12,2648,0.75,75032
bias_q0.20,58,658,0.0162237241395,2.51717722479,0.00241975013229,0.00276604099931,9.12,2632,0.75,75032
bias_q0.20,59,669,0.0162760638425,2.52425730174,0.00240871220182,0.00255251363814,9.12,2676,0.75,75032
bias_q0.20,60,662,0.0162754358319,2.5248574092,0.00254370430736,0.0024568399038,9.12,2648,0.75,75032
bias_q0.20,61,649,0.0162199887513,2.5147539371,0.00217914028045,0.00258434050615,9.12,2596,0.75,75032
bias_q0.20,62,660,0.0162129007712,2.51208226468,0.00241489349161,0.00252751878054,9.12,2640,0.75,75032
bias_q0.20,63,651,0.0161625864118,2.50401988862,0.00256674297881,0.00280452692287,9.12,2604,0.75,75032
bias_q0.20,64,649,0.0162104507937,2.51378630793,0.00264033670731,0.00234875584998,9.12,2596,0.75,75032
bias_q0.20,65,647,0.0161605539282,2.50595716104,0.00228844221511,0.00249819489479,9.12,2588,0.75,75032
bias_q0.20,66,657,0.0162232355695,2.51669467043,0.002282250635,0.00225181704951,9.12,2628,0.75,75032
bias_q0.20,67,658,0.0163375251811,2.53382185867,0.00259105099806,0.00284713875811,9.12,2632,0.75,75032
bias_q0.20,68,645,0.0161659362194,2.50905426822,0.00217898091437,0.00229880988659,9.12,2580,0.75,75032
bias_q0.20,69,657,0.0163119775969,2.53122502057,0.00244316466234,0.0027321711987,9.12,2628,0.75,75032
bias_q0.20,70,663,0.0161655957937,2.50742498434,0.00255134376468,0.00275616925993,9.12,2652,0.75,75032
bias_q0.20,71,653,0.016153171686,2.50442892674,0.00235486210436,0.00266808033961,9.12,2612,0.75,75032
bias_q0.20,72,657,0.0161971129876,2.51161186594,0.00251180147801,0.00261436916426,9.12,2628,0.75,75032
bias_q0.20,73,663,0.0163132314488,2.53625042446,0.00261839691042,0.00277867312926,9.12,2652,0.75,75032
bias_q0.20,74,654,0.0161896164954,2.51264775145,0.0024274827035,0.00259555822771,9.12,2616,0.75,75032
bias_q0.20,75,655,0.0162321114386,2.52015522103,0.00243536409109,0.00252226656971,9.12,2620,0.75,75032
bias_q0.20,76,654,0.0162633043218,2.52510529435,0.00232880153005,0.00229510878875,9.12,2616,0.75,75032
bias_q0.20,77,646,0.0161023585437,2.49630790727,0.00216602621884,0.00257508396577,9.12,2584,0.75,75032
bias_q0.20,78,650,0.0162692521097,2.52355955988,0.0024510930873,0.00289265487058,9.12,2600,0.75,75032
bias_q0.20,79,655,0.0162359490407,2.52331500912,0.0024876616019,0.00242118800569,9.12,2620,0.75,75032
bias_q0.20,80,648,0.0161429838005,2.50572630905,0.00238316305599,0.00237091430063,9.12,2592,0.75,75032
bias_q0.20,81,662,0.0163680170108,2.54230049952,0.0028240174679,0.00310307225529,9.12,2648,0.75,75032
bias_q0.20,82,661,0.0162892474353,2.5300176716,0.00252649324689,0.0025237714549,9.12,2644,0.75,75032
bias_q0.20,83,652,0.016231543365,2.51792602067,0.00237254834247,0.00282228779485,9.12,2608,0.75,75032
bias_q0.20,84,649,0.0161637487551,2.50779575912,0.00226367429288,0.00245590396385,9.12,2596,0.75,75032
bias_q0.20,85,649,0.0162154685516,2.51544609503,0.00226481678866,0.00282278910905,9.12,2596,0.75,75032
bias_q0.20,86,659,0.0161632879646,2.50665434465,0.00258469155362,0.00240181833758,9.12,2636,0.75,75032
bias_q0.20,87,658,0.0162342458484,2.51840571088,0.00233531959741,0.0026597337314,9.12,2632,0.75,75032
bias_q0.20,88,661,0.0162258531953,2.51306532957,0.00258718764288,0.00331838500429,9.12,2644,0.75,75032
bias_q0.20,89,647,0.01620376769,2.51546627893,0.00251372182492,0.0022206284674,9.12,2588,0.75,75032
bias_q0.20,90,659,0.0162403939332,2.52220572366,0.00237798253583,0.00226210455567,9.12,2636,0.75,75032
bias_q0.20,91,660,0.0162283700147,2.51713655802,0.00232463523652,0.00281580333411,9.12,2640,0.75,75032
bias_q0.20,92,656,0.0161484044118,2.50536937885,0.00222860015385,0.002428401347,9.12,2624,0.75,75032
bias_q0.20,93,652,0.016131961261,2.49958934815,0.00233014821295,0.00244808426498,9.12,2608,0.75,75032
bias_q0.20,94,654,0.0162499760693,2.51984798233,0.00260518724443,0.00340373136445,9.12,2616,0.75,75032
bias_q0.20,95,651,0.0163316671706,2.53342403175,0.00270564839575,0.00234256417311,9.12,2604,0.75,75032
bias_q0.20,96,657,0.0162687553109,2.52343450431,0.002404350357,0.00277111840169,9.12,2628,0.75,75032
bias_q0.20,97,651,0.0161656520214,2.50887491664,0.00238138133362,0.00243250055257,9.12,2604,0.75,75032
bias_q0.20,98,664,0.0162590265415,2.51964145617,0.00262803882532,0.00329576802467,9.12,2656,0.75,75032
bias_q0.20,99,648,0.0162314446966,2.51816926499,0.00235931294717,0.00255022924086,9.12,2592,0.75,75032
bias_q0.20,100,646,0.0161698029843,2.50546798948,0.00232863789896,0.00239522009564,9.12,2584,0.75,75032
