parameter,value,Nu_mean,Nu_ci_low,Nu_ci_high,Jrho_mean,Jrho_ci_low,Jrho_ci_high,Ju_mean,Ju_ci_low,Ju_ci_high,active_matrix_ok,rest_matrix_ok,sampling_ok,average_control_rate_ok,all_window_bound,actual_max_rest_rise,theorem_conditions
sigma0,1e-06,455.62,455.357278037851,455.882721962149,0.0465927010422214,0.0465785760979355,0.0466068259865074,7.19356504804735,7.19030279368522,7.19682730240948,1,1,1,1,0.013125,0.013125,Yes
sigma0,5e-06,372.28,372.056008056276,372.503991943724,0.0465761381918816,0.0465620108302752,0.046590265553488,7.1970799158426,7.1938155350876,7.20034429659761,1,1,1,1,0.013125,0.013125,Yes
sigma0,2e-05,302.14,301.916114609177,302.363885390823,0.0465383374166311,0.046524225921749,0.0465524489115132,7.20593188099207,7.20267504845406,7.20918871353008,1,1,1,1,0.013125,0.013125,Yes
sigma1,2e-05,580.43,580.058781642751,580.801218357249,0.0465640465419191,0.0465499144620303,0.0465781786218079,7.15377589941961,7.15051770573434,7.15703409310487,1,1,1,1,0.013125,0.013125,Yes
sigma1,0.0001,372.28,372.056008056276,372.503991943724,0.0465761381918816,0.0465620108302752,0.046590265553488,7.1970799158426,7.1938155350876,7.20034429659761,1,1,1,1,0.013125,0.013125,Yes
sigma1,0.0003,262.22,262.013562823374,262.426437176627,0.0465876123293258,0.0465733971751167,0.0466018274835349,7.25527900789123,7.25180217746876,7.25875583831371,1,1,1,1,0.013125,0.013125,Yes
lambda_c,0.5,368.01,367.778301961625,368.241698038375,0.0554823143513949,0.0554678769730773,0.0554967517297126,7.30556333028956,7.30232165402678,7.30880500655233,1,0,1,1,0.0175,0.0175,No
lambda_c,0.75,372.28,372.056008056276,372.503991943724,0.0465761381918816,0.0465620108302752,0.046590265553488,7.1970799158426,7.1938155350876,7.20034429659761,1,1,1,1,0.013125,0.013125,Yes
lambda_c,0.9,373.37,373.196939528715,373.543060471285,0.0439180481508377,0.043903931436214,0.0439321648654615,7.15527578249127,7.15200701235888,7.15854455262367,1,1,1,1,0.0063,0.00630000000000001,Yes
noise,0.1,372.24,372.098649817474,372.381350182526,0.0465702217710707,0.0465631861859069,0.0465772573562344,7.19570943442734,7.19408374888198,7.1973351199727,1,1,1,1,0.013125,0.013125,Yes
noise,0.2,372.28,372.056008056276,372.503991943724,0.0465761381918816,0.0465620108302752,0.046590265553488,7.1970799158426,7.1938155350876,7.20034429659761,1,1,1,1,0.013125,0.013125,Yes
noise,0.4,374.15,373.8064682181,374.4935317819,0.046589620948834,0.0465611111216351,0.0466181307760329,7.20006611831813,7.19347534874225,7.20665688789402,1,0,1,1,0.013125,0.013125,No
gain,18,376.75,376.505149937803,376.994850062197,0.0511210240540952,0.051105874845152,0.0511361732630383,4.03569421263709,4.03388920142804,4.03749922384613,0,1,1,1,0.013125,0.013125,No
gain,26,372.28,372.056008056276,372.503991943724,0.0465761381918816,0.0465620108302752,0.046590265553488,7.1970799158426,7.1938155350876,7.20034429659761,1,1,1,1,0.013125,0.013125,Yes
gain,34,373.52,373.32161839409,373.71838160591,0.0441056040718423,0.0440919727824369,0.0441192353612476,11.0028254047444,10.9978464784386,11.0078043310502,1,1,1,1,0.013125,0.013125,Yes
