case_name,active_matrix_maxeig,rest_matrix_maxeig,muEhat,b,r,rmin,Lambda4,R_ultimate,h_certified_limit,active_matrix_ok,rest_matrix_ok,sampling_ok,finite_horizon_schedule_max_deficit,finite_horizon_schedule_check,d,lambda_c,Nc,Lambda2,rbar,Tc,R_minrate,R_av,improvement_ratio,improvement_percent,schedule_all_window_verified,certified
sigma0_1e-06,-1.4184751849895,-0.109999999999991,0.857290145414825,1.71458029082965,1.28530951731132,0.2,0.00171470490823864,0.00356443479167861,6.99790825026625e-05,1,1,1,0.0131250000000001,1,0.2,0.75,0.05,0.2,1.01398213798349,0.0666666666666667,0.0171470490823864,0.00356443479167861,0.207874531329127,79.2125468670873,1,1
sigma0_5e-06,-1.4184751849895,-0.109999999999991,0.857290145414825,1.71458029082965,1.28530951731132,0.2,0.0085735245411932,0.017822173958393,6.99790825026625e-05,1,1,1,0.0131250000000001,1,0.2,0.75,0.05,0.2,1.01398213798349,0.0666666666666667,0.085735245411932,0.017822173958393,0.207874531329127,79.2125468670873,1,1
sigma0_2e-05,-1.4184751849895,-0.109999999999991,0.857290145414825,1.71458029082965,1.28530951731132,0.2,0.0342940981647728,0.0712886958335721,6.99790825026625e-05,1,1,1,0.0131250000000001,1,0.2,0.75,0.05,0.2,1.01398213798349,0.0666666666666667,0.342940981647728,0.0712886958335721,0.207874531329127,79.2125468670873,1,1
sigma1_2e-05,-1.4184751849895,-0.109999999999991,0.720113752755734,1.44022750551147,1.55966017683486,0.2,0.0085735245411932,0.0150072499739578,7.35521481784506e-05,1,1,1,0.0131250000000001,1,0.2,0.75,0.05,0.2,1.21974513262614,0.0666666666666667,0.085735245411932,0.0150072499739578,0.175041780097001,82.4958219902999,1,1
sigma1_0.0001,-1.4184751849895,-0.109999999999991,0.857290145414825,1.71458029082965,1.28530951731132,0.2,0.0085735245411932,0.017822173958393,6.99790825026625e-05,1,1,1,0.0131250000000001,1,0.2,0.75,0.05,0.2,1.01398213798349,0.0666666666666667,0.085735245411932,0.017822173958393,0.207874531329127,79.2125468670873,1,1
sigma1_0.0003,-1.4184751849895,-0.109999999999991,1.20023112706255,2.40046225412511,0.599465795045916,0.2,0.0085735245411932,0.0350025657283252,6.01375454893165e-05,1,1,1,0.0131250000000001,1,0.2,0.75,0.05,0.2,0.499599346284437,0.0666666666666667,0.085735245411932,0.0350025657283252,0.408263434252138,59.1736565747862,1,1
lambda_c_0.5,-0.168475184989504,1.13999999999997,0.857290145414825,1.71458029082965,1.28530951731132,0.2,0.0085735245411932,0.0243293380215888,6.99790825026625e-05,1,0,1,0.0175000000000001,1,0.2,0.5,0.05,0.2,0.742654758655661,0.1,0.085735245411932,0.0243293380215888,0.283772885989812,71.6227114010187,1,0
lambda_c_0.75,-1.4184751849895,-0.109999999999991,0.857290145414825,1.71458029082965,1.28530951731132,0.2,0.0085735245411932,0.017822173958393,6.99790825026625e-05,1,1,1,0.0131250000000001,1,0.2,0.75,0.05,0.2,1.01398213798349,0.0666666666666667,0.085735245411932,0.017822173958393,0.207874531329127,79.2125468670873,1,1
lambda_c_0.9,-2.16847518498949,-0.859999999999986,0.857290145414825,1.71458029082965,1.28530951731132,0.2,0.0085735245411932,0.0153575125156836,6.99790825026625e-05,1,1,1,0.00629999999999997,1,0.2,0.9,0.05,0.2,1.17677856558019,0.0555555555555556,0.085735245411932,0.0153575125156836,0.179127177415722,82.0872822584278,1,1
noise_0.1,-1.44847518498948,-0.139999999999972,0.836698310220055,1.67339662044011,1.32649238848521,0.2,0.00857352453910601,0.0173289042842142,7.07535575139381e-05,1,1,1,0.0131250000000001,1,0.2,0.75,0.05,0.2,1.04486929136391,0.0666666666666667,0.0857352453910601,0.0173289042842142,0.202121125392162,79.7878874607838,1,1
noise_0.2,-1.4184751849895,-0.109999999999991,0.857290145414825,1.71458029082965,1.28530951731132,0.2,0.0085735245411932,0.017822173958393,6.99790825026625e-05,1,1,1,0.0131250000000001,1,0.2,0.75,0.05,0.2,1.01398213798349,0.0666666666666667,0.085735245411932,0.017822173958393,0.207874531329127,79.2125468670873,1,1
noise_0.4,-1.29847518498952,0.0099999999999838,0.939662427394993,1.87932485478999,1.12056984652197,0.2,0.00857352454954222,0.0201375921757111,6.6967114543534e-05,1,0,1,0.0131250000000001,1,0.2,0.75,0.05,0.2,0.89042738489148,0.0666666666666667,0.0857352454954222,0.0201375921757111,0.234881139715012,76.5118860284988,1,0
gain_18,0.67043145279969,-0.109999999999991,0.580966991964745,1.16193398392949,1.83795923179933,0.2,0.00593545428847577,0.00898630305472276,8.71657555158345e-05,0,1,1,0.0131250000000001,1,0.2,0.75,0.05,0.2,1.4284694238495,0.0666666666666667,0.0593545428847577,0.00898630305472276,0.151400425611406,84.8599574388594,1,0
gain_26,-1.4184751849895,-0.109999999999991,0.857290145414825,1.71458029082965,1.28530951731132,0.2,0.0085735245411932,0.017822173958393,6.99790825026625e-05,1,1,1,0.0131250000000001,1,0.2,0.75,0.05,0.2,1.01398213798349,0.0666666666666667,0.085735245411932,0.017822173958393,0.207874531329127,79.2125468670873,1,1
gain_34,-3.28109419724409,-0.109999999999991,1.15337577319118,2.30675154638235,0.69316850385628,0.2,0.011211693596402,0.0403116248694298,5.87538941778271e-05,1,1,1,0.0131250000000001,1,0.2,0.75,0.05,0.2,0.56987637789221,0.0666666666666667,0.11211693596402,0.0403116248694298,0.359549826463027,64.0450173536972,1,1
