check,value,tolerance,pass
baseline_pathwise_max_abs,0,1e-12,1
selected_all_window_bound,0.000434765624999998,0.05,1
selected_endpoint_max_deficit,0.000427312500000054,0.000434765625999998,1
table9_table10_pathwise_max_abs,0,1e-12,1
bridge_pair_sum_max_abs,1.73472347597681e-18,1e-12,1
coarse_identity_max_abs,0,1e-12,1
paired_ci_max_abs_error,2.8421709430404e-14,1e-12,1
near_error_symmetric_gap,0.00138303598333835,0.005,1
active_time_reduction,0.00617333333333303,NaN,1
sensing_reduction,0.0057666666666667,NaN,1
