case,group,parameter,parameter_value,strategy,schedule,hs,sigma1,sigma0,duty,noise,pins,gain,topology,q_h,aperiodic_amplitude
reference_complete,reference,baseline,NaN,3,2,5e-05,0.0001,5e-06,0.75,0.2,4,26,1,0,0.4
sparse_degree_p4,M13_sparse_pin_count,pins,4,3,2,5e-05,0.0001,5e-06,0.75,0.2,4,26,2,0,0.4
sparse_leaf_p4,M13_sparse_location,pinning_rule,2,3,2,5e-05,0.0001,5e-06,0.75,0.2,4,26,3,0,0.4
sparse_degree_p2,M13_sparse_pin_count,pins,2,3,2,5e-05,0.0001,5e-06,0.75,0.2,2,26,2,0,0.4
sparse_degree_p6,M13_sparse_pin_count,pins,6,3,2,5e-05,0.0001,5e-06,0.75,0.2,6,26,2,0,0.4
hs_1e-05,M14_sampling,hs,1e-05,3,2,1e-05,0.0001,5e-06,0.75,0.2,4,26,1,0,0.4
hs_5e-05,M14_sampling,hs,5e-05,3,2,5e-05,0.0001,5e-06,0.75,0.2,4,26,1,0,0.4
hs_0.0001,M14_sampling,hs,0.0001,3,2,0.0001,0.0001,5e-06,0.75,0.2,4,26,1,0,0.4
hs_0.0005,M14_sampling,hs,0.0005,3,2,0.0005,0.0001,5e-06,0.75,0.2,4,26,1,0,0.4
hs_0.001,M14_sampling,hs,0.001,3,2,0.001,0.0001,5e-06,0.75,0.2,4,26,1,0,0.4
hs_0.005,M14_sampling,hs,0.005,3,2,0.005,0.0001,5e-06,0.75,0.2,4,26,1,0,0.4
hs_0.01,M14_sampling,hs,0.01,3,2,0.01,0.0001,5e-06,0.75,0.2,4,26,1,0,0.4
hs_0.02,M14_sampling,hs,0.02,3,2,0.02,0.0001,5e-06,0.75,0.2,4,26,1,0,0.4
hs_0.05,M14_sampling,hs,0.05,3,2,0.05,0.0001,5e-06,0.75,0.2,4,26,1,0,0.4
hs_0.1,M14_sampling,hs,0.1,3,2,0.1,0.0001,5e-06,0.75,0.2,4,26,1,0,0.4
sigma0_1e-06,M15_sigma0,sigma0,1e-06,3,2,5e-05,0.0001,1e-06,0.75,0.2,4,26,1,0,0.4
sigma0_5e-06,M15_sigma0,sigma0,5e-06,3,2,5e-05,0.0001,5e-06,0.75,0.2,4,26,1,0,0.4
sigma0_2e-05,M15_sigma0,sigma0,2e-05,3,2,5e-05,0.0001,2e-05,0.75,0.2,4,26,1,0,0.4
sigma1_2e-05,M15_sigma1,sigma1,2e-05,3,2,5e-05,2e-05,5e-06,0.75,0.2,4,26,1,0,0.4
sigma1_0.0001,M15_sigma1,sigma1,0.0001,3,2,5e-05,0.0001,5e-06,0.75,0.2,4,26,1,0,0.4
sigma1_0.0003,M15_sigma1,sigma1,0.0003,3,2,5e-05,0.0003,5e-06,0.75,0.2,4,26,1,0,0.4
duty_0.50,M15_lambda_c,lambda_c,0.5,3,2,5e-05,0.0001,5e-06,0.5,0.2,4,26,1,0,0.4
duty_0.75,M15_lambda_c,lambda_c,0.75,3,2,5e-05,0.0001,5e-06,0.75,0.2,4,26,1,0,0.4
duty_0.90,M15_lambda_c,lambda_c,0.9,3,2,5e-05,0.0001,5e-06,0.9,0.2,4,26,1,0,0.4
noise_0.10,M15_noise,noise,0.1,3,2,5e-05,0.0001,5e-06,0.75,0.1,4,26,1,0,0.4
noise_0.20,M15_noise,noise,0.2,3,2,5e-05,0.0001,5e-06,0.75,0.2,4,26,1,0,0.4
noise_0.40,M15_noise,noise,0.4,3,2,5e-05,0.0001,5e-06,0.75,0.4,4,26,1,0,0.4
gain_18,M15_gain,gain,18,3,2,5e-05,0.0001,5e-06,0.75,0.2,4,18,1,0,0.4
gain_26,M15_gain,gain,26,3,2,5e-05,0.0001,5e-06,0.75,0.2,4,26,1,0,0.4
gain_34,M15_gain,gain,34,3,2,5e-05,0.0001,5e-06,0.75,0.2,4,34,1,0,0.4
