group,case,parameter,parameter_value,updates_mean,updates_ci_low,updates_ci_high,J_mean,J_ci_low,J_ci_high,E_mean,E_ci_low,E_ci_high,active_fraction,sensing_instants,active_matrix_ok,rest_matrix_ok,sampling_ok,h_certified_limit
M13_sparse_pin_count,sparse_degree_p4,pins,4,368.59,368.294082701,368.885917299,0.187845162081,0.187729625072,0.18796069909,15.6524445438,15.6424372753,15.6624518123,0.75,22512,0,1,1,6.99790825027e-05
M13_sparse_pin_count,sparse_degree_p2,pins,2,388.97,388.459656757,389.480343243,0.20018871374,0.200060068577,0.200317358902,12.2197327853,12.2108699339,12.2285956368,0.75,22512,0,1,1,6.99790825027e-05
M13_sparse_pin_count,sparse_degree_p6,pins,6,350.92,350.749194748,351.090805252,0.15645891174,0.156376832519,0.156540990962,17.020693323,17.0046820216,17.0367046245,0.75,22512,0,1,1,6.99790825027e-05
M15_sigma0,sigma0_1e-06,sigma0,1e-06,455.32,455.092834708,455.547165292,0.0465880550866,0.04657251142,0.0466035987532,7.19254083357,7.1889234675,7.19615819965,0.75,22512,1,1,1,6.99790825027e-05
M15_sigma0,sigma0_5e-06,sigma0,5e-06,372.6,372.377933831,372.822066169,0.0465713484796,0.046555823765,0.0465868731941,7.19599157965,7.19237961091,7.19960354839,0.75,22512,1,1,1,6.99790825027e-05
M15_sigma0,sigma0_2e-05,sigma0,2e-05,302.09,301.920562288,302.259437712,0.0465336504025,0.0465181267384,0.0465491740665,7.20488670496,7.20127282817,7.20850058174,0.75,22512,1,1,1,6.99790825027e-05
M15_sigma1,sigma1_2e-05,sigma1,2e-05,580.6,580.255745449,580.944254551,0.046559342025,0.0465438051527,0.0465748788973,7.15272556984,7.14910761276,7.15634352692,0.75,22512,1,1,1,7.35521481785e-05
M15_sigma1,sigma1_0.0001,sigma1,0.0001,372.6,372.377933831,372.822066169,0.0465713484796,0.046555823765,0.0465868731941,7.19599157965,7.19237961091,7.19960354839,0.75,22512,1,1,1,6.99790825027e-05
M15_sigma1,sigma1_0.0003,sigma1,0.0003,262.34,262.150350442,262.529649558,0.0465828534805,0.0465672337204,0.0465984732405,7.25399420616,7.25016946761,7.2578189447,0.75,22512,1,1,1,6.01375454893e-05
M15_lambda_c,duty_0.50,lambda_c,0.5,367.99,367.765272449,368.214727551,0.0554780536688,0.0554619324161,0.0554941749215,7.30453295164,7.30089848727,7.30816741602,0.5,15012,1,0,1,6.99790825027e-05
M15_lambda_c,duty_0.75,lambda_c,0.75,372.6,372.377933831,372.822066169,0.0465713484796,0.046555823765,0.0465868731941,7.19599157965,7.19237961091,7.19960354839,0.75,22512,1,1,1,6.99790825027e-05
M15_lambda_c,duty_0.90,lambda_c,0.9,373.52,373.354396243,373.685603757,0.0439142594599,0.0438987754979,0.043929743422,7.15421513078,7.15060592125,7.1578243403,0.899993333333,27010,1,1,1,6.99790825027e-05
M15_noise,noise_0.10,noise,0.1,372.33,372.18604323,372.47395677,0.0465678707253,0.046560130539,0.0465756109117,7.19520375365,7.19340359205,7.19700391525,0.75,22512,1,1,1,7.07535575139e-05
M15_noise,noise_0.20,noise,0.2,372.6,372.377933831,372.822066169,0.0465713484796,0.046555823765,0.0465868731941,7.19599157965,7.19237961091,7.19960354839,0.75,22512,1,1,1,6.99790825027e-05
M15_noise,noise_0.40,noise,0.4,374.33,373.986838865,374.673161135,0.0465802832583,0.0465490382799,0.0466115282368,7.19795329886,7.19068836388,7.20521823384,0.75,22512,1,0,1,6.69671145435e-05
M15_gain,gain_18,gain,18,377.06,376.820993751,377.299006249,0.0511163007846,0.0510996916139,0.0511329099554,4.03512102186,4.03314750859,4.03709453512,0.75,22512,0,1,1,8.71657555158e-05
M15_gain,gain_26,gain,26,372.6,372.377933831,372.822066169,0.0465713484796,0.046555823765,0.0465868731941,7.19599157965,7.19237961091,7.19960354839,0.75,22512,1,1,1,6.99790825027e-05
M15_gain,gain_34,gain,34,373.61,373.42529022,373.79470978,0.0441010266304,0.0440860375401,0.0441160157208,11.0012424054,10.995680147,11.0068046637,0.75,22512,1,1,1,5.87538941778e-05
