hs,updates_mean,updates_ci_low,updates_ci_high,J_mean,J_ci_low,J_ci_high,E_mean,E_ci_low,E_ci_high,tail_mean,final_error_max,pathwise_max_error_max,h_certified_limit,hs_over_hcert,sampling_ok,active_fraction,sensing_instants
1e-05,395.79,395.574671156,396.005328844,0.0465690370687,0.0465548997891,0.0465831743483,7.188740747,7.18545489854,7.19202659547,1.17824096583e-10,2.98603891732e-12,9.12,6.99790825027e-05,0.142899844387,1,0.75,112500
5e-05,372.28,372.056008056,372.503991944,0.0465761381919,0.0465620108303,0.0465902655535,7.19707991584,7.19381553509,7.2003442966,1.17783919411e-10,2.98430900648e-12,9.12,6.99790825027e-05,0.714499221936,1,0.75,22512
0.0001,356.11,355.842604358,356.377395642,0.0465828004962,0.0465686672897,0.0465969337027,7.20022337775,7.19695021387,7.20349654162,1.17719254377e-10,2.9820912376e-12,9.12,6.99790825027e-05,1.42899844387,0,0.75,11264
0.0005,231.56,231.332065721,231.787934279,0.0467944867382,0.0467803753643,0.0468085981121,7.51024279617,7.50699745912,7.51348813321,1.1814266789e-10,2.99315037325e-12,9.12,6.99790825027e-05,7.14499221936,0,0.75,2265
0.001,185.61,185.463741091,185.756258909,0.0470914410094,0.0470773374483,0.0471055445704,7.923949835,7.92074545013,7.92715421986,1.18817255167e-10,3.00979006405e-12,9.12,6.99790825027e-05,14.2899844387,0,0.75,1141
0.005,95.12,95.0551957457,95.1848042543,0.0499240886805,0.0499100514274,0.0499381259336,11.9711051328,11.9685131677,11.9736970979,1.24326729599e-10,3.17967128624e-12,9.12,6.99790825027e-05,71.4499221936,0,0.75,238
0.01,66,66,66,0.0546780223656,0.0546638402247,0.0546922045065,18.9103928439,18.9091102773,18.9116754105,1.25184582117e-10,3.23396140316e-12,9.12,6.99790825027e-05,142.899844387,0,0.75,127
0.02,47,47,47,0.0697505497766,0.0697326823828,0.0697684171705,37.9205101523,37.9181430172,37.9228772873,1.21489590215e-10,3.1920810663e-12,9.12,6.99790825027e-05,285.799688775,0,0.75,72
0.05,32,32,32,0.12205509857,0.121992391412,0.122117805728,79.6930181469,79.6773856405,79.7086506533,3.28921585173e-11,8.95841733636e-13,9.12,6.99790825027e-05,714.499221936,0,0.75,35
0.1,30,30,30,0.120746949262,0.120685137524,0.120808761,80.2024199646,80.1866820741,80.2181578552,2.89221181728e-11,7.88663480957e-13,9.12,6.99790825027e-05,1428.99844387,0,0.75,30
