comparison,metric,mean_difference,ci_low,ci_high,orientation
AIP_minus_AIPE,updates,22139.72,22139.4960081,22139.9439919,AIP_aperiodic_A0.4-minus-AIPE_aperiodic_A0.4
AIP_minus_AIPE,J_error,3.90609876927e-05,3.89830710402e-05,3.91389043451e-05,AIP_aperiodic_A0.4-minus-AIPE_aperiodic_A0.4
AIP_minus_AIPE,E_input,-0.056298780796,-0.0563461624421,-0.05625139915,AIP_aperiodic_A0.4-minus-AIPE_aperiodic_A0.4
CP_original_minus_AIPE,updates,199.76,199.139469592,200.380530408,CP_original-minus-AIPE_aperiodic_A0.4
CP_original_minus_AIPE,J_error,-0.00380295513612,-0.00380368555763,-0.0038022247146,CP_original-minus-AIPE_aperiodic_A0.4
CP_original_minus_AIPE,E_input,-0.107319188087,-0.107513663675,-0.107124712499,CP_original-minus-AIPE_aperiodic_A0.4
AIPE_minus_CP_same,updates,20.08,19.7600794909,20.3999205091,AIPE_aperiodic_A0.4-minus-CP_same_threshold
AIPE_minus_CP_same,J_error,0.00380138240997,0.00380066754492,0.00380209727501,AIPE_aperiodic_A0.4-minus-CP_same_threshold
AIPE_minus_CP_same,E_input,0.0711537619811,0.0710529891298,0.0712545348325,AIPE_aperiodic_A0.4-minus-CP_same_threshold
AIPE_periodic_minus_aperiodic,updates,2.78,2.58751969499,2.97248030501,AIPE_periodic-minus-AIPE_aperiodic_A0.4
AIPE_periodic_minus_aperiodic,J_error,0.000158144992449,0.000158124812037,0.000158165172861,AIPE_periodic-minus-AIPE_aperiodic_A0.4
AIPE_periodic_minus_aperiodic,E_input,0.00597058993822,0.00595297696887,0.00598820290757,AIPE_periodic-minus-AIPE_aperiodic_A0.4
