case_name,q_h,lambda_c,Nc,r,Lambda2,d,rbar,Tc,Lambda4,R_minrate,R_av,ratio_Rav_to_Rmin,reduction_percent,certified,R_ultimate,improvement_ratio,improvement_percent
CP_original,0,0.75,0.05,1.52536593278,0.2,0.2,1.19402444959,0.0666666666667,0.00342940981648,0.0342940981648,0.00612242505037,0.178527075445,82.1472924555,0,0.00612242505037,0.178527075445,82.1472924555
AIP_periodic,0,0.75,0.05,1.28530951731,0.2,0.2,1.01398213798,0.0666666666667,0.00857352454119,0.0857352454119,0.0178221739584,0.207874531329,79.2125468671,0,0.0178221739584,0.207874531329,79.2125468671
AIPE_periodic,0,0.75,0.05,1.28530951731,0.2,0.2,1.01398213798,0.0666666666667,0.00857352454119,0.0857352454119,0.0178221739584,0.207874531329,79.2125468671,1,0.0178221739584,0.207874531329,79.2125468671
AIP_aperiodic_A0.4,0,0.75,0.05,1.28530951731,0.2,0.2,1.01398213798,0.0666666666667,0.00857352454119,0.0857352454119,0.0178221739584,0.207874531329,79.2125468671,0,0.0178221739584,0.207874531329,79.2125468671
AIPE_aperiodic_A0.4,0,0.75,0.05,1.28530951731,0.2,0.2,1.01398213798,0.0666666666667,0.00857352454119,0.0857352454119,0.0178221739584,0.207874531329,79.2125468671,1,0.0178221739584,0.207874531329,79.2125468671
CP_same_threshold,0,0.75,0.05,1.28530951731,0.2,0.2,1.01398213798,0.0666666666667,0.00857352454119,0.0857352454119,0.0178221739584,0.207874531329,79.2125468671,0,0.0178221739584,0.207874531329,79.2125468671
CP_grid_x0.1,0,0.75,0.05,1.59395453849,0.2,0.2,1.24546590387,0.0666666666667,0.000857352454119,0.00857352454119,0.00147207781928,0.171700426377,82.8299573623,0,0.00147207781928,0.171700426377,82.8299573623
CP_grid_x0.3,0,0.75,0.05,1.52536593278,0.2,0.2,1.19402444959,0.0666666666667,0.00257205736236,0.0257205736236,0.00459181878778,0.178527075445,82.1472924555,0,0.00459181878778,0.178527075445,82.1472924555
CP_grid_x3.0,0,0.75,0.05,0.599465795046,0.2,0.2,0.499599346284,0.0666666666667,0.0257205736236,0.257205736236,0.105007697185,0.408263434252,59.1736565748,0,0.105007697185,0.408263434252,59.1736565748
CP_grid_x10.0,0,0.75,0.05,NaN,0.2,NaN,NaN,0.0666666666667,0.0857352454119,NaN,NaN,NaN,NaN,0,NaN,NaN,NaN
AIPE_grid_x0.1,0,0.75,0.05,1.59395453849,0.2,0.2,1.24546590387,0.0666666666667,0.000857352454119,0.00857352454119,0.00147207781928,0.171700426377,82.8299573623,1,0.00147207781928,0.171700426377,82.8299573623
AIPE_grid_x0.3,0,0.75,0.05,1.52536593278,0.2,0.2,1.19402444959,0.0666666666667,0.00257205736236,0.0257205736236,0.00459181878778,0.178527075445,82.1472924555,1,0.00459181878778,0.178527075445,82.1472924555
AIPE_grid_x3.0,0,0.75,0.05,0.599465795046,0.2,0.2,0.499599346284,0.0666666666667,0.0257205736236,0.257205736236,0.105007697185,0.408263434252,59.1736565748,1,0.105007697185,0.408263434252,59.1736565748
AIPE_grid_x10.0,0,0.75,0.05,NaN,0.2,NaN,NaN,0.0666666666667,0.0857352454119,NaN,NaN,NaN,NaN,0,NaN,NaN,NaN
bias_q0.00,0,0.75,0.05,1.28530951731,0.2,0.2,1.01398213798,0.0666666666667,0.00857352454119,0.0857352454119,0.0178221739584,0.207874531329,79.2125468671,1,0.0178221739584,0.207874531329,79.2125468671
bias_q0.02,0.02,0.75,0.05,1.28530951731,0.2,0.2,1.01398213798,0.0666666666667,0.0297306424529,0.297306424529,0.06180243366,0.207874531329,79.2125468671,1,0.06180243366,0.207874531329,79.2125468671
bias_q0.05,0.05,0.75,0.05,1.28530951731,0.2,0.2,1.01398213798,0.0666666666667,0.140805511489,1.40805511489,0.292698797094,0.207874531329,79.2125468671,1,0.292698797094,0.207874531329,79.2125468671
bias_q0.10,0.1,0.75,0.05,1.28530951731,0.2,0.2,1.01398213798,0.0666666666667,0.537501472333,5.37501472333,1.1173286665,0.207874531329,79.2125468671,1,1.1173286665,0.207874531329,79.2125468671
bias_q0.20,0.2,0.75,0.05,1.28530951731,0.2,0.2,1.01398213798,0.0666666666667,2.12428531571,21.2428531571,4.41584814412,0.207874531329,79.2125468671,1,4.41584814412,0.207874531329,79.2125468671
hs_1e-05,0,0.75,0.05,2.59343016107,0.2,0.2,1.9950726208,0.0666666666667,0.00857335756247,0.0857335756247,0.00961622597464,0.112164060633,88.7835939367,1,0.00961622597464,0.112164060633,88.7835939367
hs_5e-05,0,0.75,0.05,1.28530951731,0.2,0.2,1.01398213798,0.0666666666667,0.00857352454119,0.0857352454119,0.0178221739584,0.207874531329,79.2125468671,1,0.0178221739584,0.207874531329,79.2125468671
hs_0.0001,0,0.75,0.05,NaN,0.2,NaN,NaN,0.0666666666667,0.00857404711219,NaN,NaN,NaN,NaN,0,NaN,NaN,NaN
hs_0.0005,0,0.75,0.05,NaN,0.2,NaN,NaN,0.0666666666667,0.00859138395566,NaN,NaN,NaN,NaN,0,NaN,NaN,NaN
hs_0.001,0,0.75,0.05,NaN,0.2,NaN,NaN,0.0666666666667,0.00865380891043,NaN,NaN,NaN,NaN,0,NaN,NaN,NaN
hs_0.005,0,0.75,0.05,NaN,0.2,NaN,NaN,0.0666666666667,0.0746043036992,NaN,NaN,NaN,NaN,0,NaN,NaN,NaN
hs_0.01,0,0.75,0.05,NaN,0.2,NaN,NaN,0.0666666666667,14421.3250298,NaN,NaN,NaN,NaN,0,NaN,NaN,NaN
hs_0.02,0,0.75,0.05,NaN,0.2,NaN,NaN,0.0666666666667,5.11051367536e+23,NaN,NaN,NaN,NaN,0,NaN,NaN,NaN
hs_0.05,0,0.75,0.05,NaN,0.2,NaN,NaN,0.0666666666667,1.35077557199e+157,NaN,NaN,NaN,NaN,0,NaN,NaN,NaN
hs_0.1,0,0.75,0.05,NaN,0.2,NaN,NaN,0.0666666666667,Inf,NaN,NaN,NaN,NaN,0,NaN,NaN,NaN
reference_complete,0,0.75,0.05,1.28530951731132,0.2,0.2,1.01398213798349,0.0666666666666667,0.0085735245411932,0.085735245411932,0.017822173958393,0.207874531329127,79.2125468670873,1,0.017822173958393,0.207874531329127,79.2125468670873
sparse_degree_p4,0,0.75,0.05,1.28530951731132,0.2,0.2,1.01398213798349,0.0666666666666667,0.0085735245411932,0.085735245411932,0.017822173958393,0.207874531329126,79.2125468670874,0,0.017822173958393,0.207874531329126,79.2125468670874
sparse_leaf_p4,0,0.75,0.05,1.28530951731132,0.2,0.2,1.01398213798349,0.0666666666666667,0.0085735245411932,0.085735245411932,0.017822173958393,0.207874531329126,79.2125468670874,0,0.017822173958393,0.207874531329126,79.2125468670874
sparse_degree_p2,0,0.75,0.05,1.28530951731132,0.2,0.2,1.01398213798349,0.0666666666666667,0.0085735245411932,0.085735245411932,0.017822173958393,0.207874531329126,79.2125468670874,0,0.017822173958393,0.207874531329126,79.2125468670874
sparse_degree_p6,0,0.75,0.05,1.28530951731132,0.2,0.2,1.01398213798349,0.0666666666666667,0.0085735245411932,0.085735245411932,0.017822173958393,0.207874531329126,79.2125468670874,0,0.017822173958393,0.207874531329126,79.2125468670874
hs_1e-05,0,0.75,0.05,2.59343016107273,0.2,0.2,1.99507262080455,0.0666666666666667,0.00857335756246607,0.0857335756246607,0.00961622597463674,0.112164060632865,88.7835939367135,1,0.00961622597463674,0.112164060632865,88.7835939367135
hs_5e-05,0,0.75,0.05,1.28530951731132,0.2,0.2,1.01398213798349,0.0666666666666667,0.0085735245411932,0.085735245411932,0.017822173958393,0.207874531329127,79.2125468670873,1,0.017822173958393,0.207874531329127,79.2125468670873
hs_0.0001,0,0.75,0.05,NaN,0.2,NaN,NaN,0.0666666666666667,0.00857404711219037,NaN,NaN,NaN,NaN,0,NaN,NaN,NaN
hs_0.0005,0,0.75,0.05,NaN,0.2,NaN,NaN,0.0666666666666667,0.00859138395565552,NaN,NaN,NaN,NaN,0,NaN,NaN,NaN
hs_0.001,0,0.75,0.05,NaN,0.2,NaN,NaN,0.0666666666666667,0.00865380891042845,NaN,NaN,NaN,NaN,0,NaN,NaN,NaN
hs_0.005,0,0.75,0.05,NaN,0.2,NaN,NaN,0.0666666666666667,0.0746043036991852,NaN,NaN,NaN,NaN,0,NaN,NaN,NaN
hs_0.01,0,0.75,0.05,NaN,0.2,NaN,NaN,0.0666666666666667,14421.3250297753,NaN,NaN,NaN,NaN,0,NaN,NaN,NaN
hs_0.02,0,0.75,0.05,NaN,0.2,NaN,NaN,0.0666666666666667,5.11051367535818e+23,NaN,NaN,NaN,NaN,0,NaN,NaN,NaN
hs_0.05,0,0.75,0.05,NaN,0.2,NaN,NaN,0.0666666666666667,1.35077557199459e+157,NaN,NaN,NaN,NaN,0,NaN,NaN,NaN
hs_0.1,0,0.75,0.05,NaN,0.2,NaN,NaN,0.0666666666666667,Inf,NaN,NaN,NaN,NaN,0,NaN,NaN,NaN
sigma0_1e-06,0,0.75,0.05,1.28530951731132,0.2,0.2,1.01398213798349,0.0666666666666667,0.00171470490823864,0.0171470490823864,0.00356443479167861,0.207874531329127,79.2125468670873,1,0.00356443479167861,0.207874531329127,79.2125468670873
sigma0_5e-06,0,0.75,0.05,1.28530951731132,0.2,0.2,1.01398213798349,0.0666666666666667,0.0085735245411932,0.085735245411932,0.017822173958393,0.207874531329127,79.2125468670873,1,0.017822173958393,0.207874531329127,79.2125468670873
sigma0_2e-05,0,0.75,0.05,1.28530951731132,0.2,0.2,1.01398213798349,0.0666666666666667,0.0342940981647728,0.342940981647728,0.0712886958335721,0.207874531329127,79.2125468670873,1,0.0712886958335721,0.207874531329127,79.2125468670873
sigma1_2e-05,0,0.75,0.05,1.55966017683486,0.2,0.2,1.21974513262614,0.0666666666666667,0.0085735245411932,0.085735245411932,0.0150072499739578,0.175041780097001,82.4958219902999,1,0.0150072499739578,0.175041780097001,82.4958219902999
sigma1_0.0001,0,0.75,0.05,1.28530951731132,0.2,0.2,1.01398213798349,0.0666666666666667,0.0085735245411932,0.085735245411932,0.017822173958393,0.207874531329127,79.2125468670873,1,0.017822173958393,0.207874531329127,79.2125468670873
sigma1_0.0003,0,0.75,0.05,0.599465795045916,0.2,0.2,0.499599346284437,0.0666666666666667,0.0085735245411932,0.085735245411932,0.0350025657283252,0.408263434252138,59.1736565747862,1,0.0350025657283252,0.408263434252138,59.1736565747862
duty_0.50,0,0.5,0.05,1.28530951731132,0.2,0.2,0.742654758655661,0.1,0.0085735245411932,0.085735245411932,0.0243293380215888,0.283772885989812,71.6227114010187,0,0.0243293380215888,0.283772885989812,71.6227114010187
duty_0.75,0,0.75,0.05,1.28530951731132,0.2,0.2,1.01398213798349,0.0666666666666667,0.0085735245411932,0.085735245411932,0.017822173958393,0.207874531329127,79.2125468670873,1,0.017822173958393,0.207874531329127,79.2125468670873
duty_0.90,0,0.9,0.05,1.28530951731132,0.2,0.2,1.17677856558019,0.0555555555555556,0.0085735245411932,0.085735245411932,0.0153575125156836,0.179127177415722,82.0872822584278,0,0.0153575125156836,0.179127177415722,82.0872822584278
noise_0.10,0,0.75,0.05,1.32649238848521,0.2,0.2,1.04486929136391,0.0666666666666667,0.00857352453910601,0.0857352453910601,0.0173289042842142,0.202121125392162,79.7878874607838,1,0.0173289042842142,0.202121125392162,79.7878874607838
noise_0.20,0,0.75,0.05,1.28530951731132,0.2,0.2,1.01398213798349,0.0666666666666667,0.0085735245411932,0.085735245411932,0.017822173958393,0.207874531329127,79.2125468670873,1,0.017822173958393,0.207874531329127,79.2125468670873
noise_0.40,0,0.75,0.05,1.12056984652197,0.2,0.2,0.89042738489148,0.0666666666666667,0.00857352454954222,0.0857352454954222,0.0201375921757111,0.234881139715012,76.5118860284988,0,0.0201375921757111,0.234881139715012,76.5118860284988
gain_18,0,0.75,0.05,1.83795923179933,0.2,0.2,1.4284694238495,0.0666666666666667,0.00593545428847577,0.0593545428847577,0.00898630305472276,0.151400425611406,84.8599574388594,0,0.00898630305472276,0.151400425611406,84.8599574388594
gain_26,0,0.75,0.05,1.28530951731132,0.2,0.2,1.01398213798349,0.0666666666666667,0.0085735245411932,0.085735245411932,0.017822173958393,0.207874531329127,79.2125468670873,1,0.017822173958393,0.207874531329127,79.2125468670873
gain_34,0,0.75,0.05,0.69316850385628,0.2,0.2,0.56987637789221,0.0666666666666667,0.011211693596402,0.11211693596402,0.0403116248694298,0.359549826463027,64.0450173536972,1,0.0403116248694298,0.359549826463027,64.0450173536972
sparse_degree_p6_g30,0,0.75,0.05,0.994935052153007,0.2,0.2,0.796201289114755,0.0666666666666667,0.00989259481843828,0.0989259481843828,0.0258306128514405,0.261110591563866,73.8889408436134,1,0.0258306128514405,0.261110591563866,73.8889408436134
sparse_leaf_p6_g30,0,0.75,0.05,0.994935052153007,0.2,0.2,0.796201289114755,0.0666666666666667,0.00989259481843828,0.0989259481843828,0.0258306128514405,0.261110591563866,73.8889408436134,1,0.0258306128514405,0.261110591563866,73.8889408436134
Matched AIPE,0,0.99375,0.05,1.28530951731132,0.2,0.2,1.27852633282813,0.050314465408805,0.0085735245411932,0.085735245411932,0.0141357086954602,0.164876284281247,83.5123715718753,1,0.0141357086954602,0.164876284281247,83.5123715718753
sigma0_1e-06,0,0.75,0.05,1.28530951731132,0.2,0.2,1.01398213798349,0.0666666666666667,0.00171470490823864,0.0171470490823864,0.00356443479167861,0.207874531329127,79.2125468670873,1,0.00356443479167861,0.207874531329127,79.2125468670873
sigma0_5e-06,0,0.75,0.05,1.28530951731132,0.2,0.2,1.01398213798349,0.0666666666666667,0.0085735245411932,0.085735245411932,0.017822173958393,0.207874531329127,79.2125468670873,1,0.017822173958393,0.207874531329127,79.2125468670873
sigma0_2e-05,0,0.75,0.05,1.28530951731132,0.2,0.2,1.01398213798349,0.0666666666666667,0.0342940981647728,0.342940981647728,0.0712886958335721,0.207874531329127,79.2125468670873,1,0.0712886958335721,0.207874531329127,79.2125468670873
sigma1_2e-05,0,0.75,0.05,1.55966017683486,0.2,0.2,1.21974513262614,0.0666666666666667,0.0085735245411932,0.085735245411932,0.0150072499739578,0.175041780097001,82.4958219902999,1,0.0150072499739578,0.175041780097001,82.4958219902999
sigma1_0.0001,0,0.75,0.05,1.28530951731132,0.2,0.2,1.01398213798349,0.0666666666666667,0.0085735245411932,0.085735245411932,0.017822173958393,0.207874531329127,79.2125468670873,1,0.017822173958393,0.207874531329127,79.2125468670873
sigma1_0.0003,0,0.75,0.05,0.599465795045916,0.2,0.2,0.499599346284437,0.0666666666666667,0.0085735245411932,0.085735245411932,0.0350025657283252,0.408263434252138,59.1736565747862,1,0.0350025657283252,0.408263434252138,59.1736565747862
lambda_c_0.5,0,0.5,0.05,1.28530951731132,0.2,0.2,0.742654758655661,0.1,0.0085735245411932,0.085735245411932,0.0243293380215888,0.283772885989812,71.6227114010187,0,0.0243293380215888,0.283772885989812,71.6227114010187
lambda_c_0.75,0,0.75,0.05,1.28530951731132,0.2,0.2,1.01398213798349,0.0666666666666667,0.0085735245411932,0.085735245411932,0.017822173958393,0.207874531329127,79.2125468670873,1,0.017822173958393,0.207874531329127,79.2125468670873
lambda_c_0.9,0,0.9,0.05,1.28530951731132,0.2,0.2,1.17677856558019,0.0555555555555556,0.0085735245411932,0.085735245411932,0.0153575125156836,0.179127177415722,82.0872822584278,1,0.0153575125156836,0.179127177415722,82.0872822584278
noise_0.1,0,0.75,0.05,1.32649238848521,0.2,0.2,1.04486929136391,0.0666666666666667,0.00857352453910601,0.0857352453910601,0.0173289042842142,0.202121125392162,79.7878874607838,1,0.0173289042842142,0.202121125392162,79.7878874607838
noise_0.2,0,0.75,0.05,1.28530951731132,0.2,0.2,1.01398213798349,0.0666666666666667,0.0085735245411932,0.085735245411932,0.017822173958393,0.207874531329127,79.2125468670873,1,0.017822173958393,0.207874531329127,79.2125468670873
noise_0.4,0,0.75,0.05,1.12056984652197,0.2,0.2,0.89042738489148,0.0666666666666667,0.00857352454954222,0.0857352454954222,0.0201375921757111,0.234881139715012,76.5118860284988,0,0.0201375921757111,0.234881139715012,76.5118860284988
gain_18,0,0.75,0.05,1.83795923179933,0.2,0.2,1.4284694238495,0.0666666666666667,0.00593545428847577,0.0593545428847577,0.00898630305472276,0.151400425611406,84.8599574388594,0,0.00898630305472276,0.151400425611406,84.8599574388594
gain_26,0,0.75,0.05,1.28530951731132,0.2,0.2,1.01398213798349,0.0666666666666667,0.0085735245411932,0.085735245411932,0.017822173958393,0.207874531329127,79.2125468670873,1,0.017822173958393,0.207874531329127,79.2125468670873
gain_34,0,0.75,0.05,0.69316850385628,0.2,0.2,0.56987637789221,0.0666666666666667,0.011211693596402,0.11211693596402,0.0403116248694298,0.359549826463027,64.0450173536972,1,0.0403116248694298,0.359549826463027,64.0450173536972
