case,metric,mean,sd,ci_low,ci_high,Nmc
CP_original,updates,572.04,2.86010524635,571.472493069,572.607506931,100
CP_original,J_error,0.0427731830558,7.13655231941e-05,0.0427590225877,0.0427873435239,100
CP_original,E_input,7.08976072776,0.0168548977133,7.08641635038,7.09310510513,100
CP_original,tail_error,3.07271982817e-07,2.56921923723e-07,2.5629309919e-07,3.58250866443e-07,100
CP_original,final_error,4.54891178175e-07,3.89288819168e-07,3.77647830773e-07,5.32134525578e-07,100
CP_original,max_error,9.12,1.78530579699e-15,9.12,9.12,100
CP_original,pin_assignments,2288.16,11.4404209854,2285.88997227,2290.43002773,100
CP_original,active_fraction,1,0,1,1,100
CP_original,sensing_instants,30000,0,30000,30000,100
AIP_periodic,updates,22500,0,22500,22500,100
AIP_periodic,J_error,0.0467746775251,7.12711261064e-05,0.0467605357875,0.0467888192628,100
AIP_periodic,E_input,7.14635092916,0.016415929786,7.14309365255,7.14960820578,100
AIP_periodic,tail_error,4.37287929892e-09,4.4087854389e-10,4.28539943089e-09,4.46035916696e-09,100
AIP_periodic,final_error,2.45539260168e-10,4.19548385819e-11,2.37214509977e-10,2.53864010359e-10,100
AIP_periodic,max_error,9.12,1.78530579699e-15,9.12,9.12,100
AIP_periodic,pin_assignments,90000,0,90000,90000,100
AIP_periodic,active_fraction,0.75,0,0.75,0.75,100
AIP_periodic,sensing_instants,22500,0,22500,22500,100
AIPE_periodic,updates,375.06,0.993107560269,374.862945914,375.257054086,100
AIPE_periodic,J_error,0.0467342831843,7.12127299649e-05,0.0467201530337,0.0467484133349,100
AIPE_periodic,E_input,7.20305050578,0.0164595093585,7.19978458203,7.20631642953,100
AIPE_periodic,tail_error,1.87335607099e-10,2.53804313967e-11,1.82299578877e-10,1.9237163532e-10,100
AIPE_periodic,final_error,3.11785281179e-12,7.21082086754e-13,2.97477448179e-12,3.26093114178e-12,100
AIPE_periodic,max_error,9.12,1.78530579699e-15,9.12,9.12,100
AIPE_periodic,pin_assignments,1500.24,3.97243024107,1499.45178366,1501.02821634,100
AIPE_periodic,active_fraction,0.75,0,0.75,0.75,100
AIPE_periodic,sensing_instants,22500,0,22500,22500,100
AIP_aperiodic_A0.4,updates,22512,0,22512,22512,100
AIP_aperiodic_A0.4,J_error,0.0466151991796,7.125490738e-05,0.0466010606601,0.0466293376991,100
AIP_aperiodic_A0.4,E_input,7.14078113505,0.0164085698354,7.1375253188,7.14403695129,100
AIP_aperiodic_A0.4,tail_error,4.40044047673e-09,4.4376397021e-10,4.31238807752e-09,4.48849287595e-09,100
AIP_aperiodic_A0.4,final_error,2.49289287478e-10,4.2596941666e-11,2.40837130105e-10,2.57741444852e-10,100
AIP_aperiodic_A0.4,max_error,9.12,1.78530579699e-15,9.12,9.12,100
AIP_aperiodic_A0.4,pin_assignments,90048,0,90048,90048,100
AIP_aperiodic_A0.4,active_fraction,0.75,0,0.75,0.75,100
AIP_aperiodic_A0.4,sensing_instants,22512,0,22512,22512,100
AIPE_aperiodic_A0.4,updates,372.28,1.12886820947,372.056008056,372.503991944,100
AIPE_aperiodic_A0.4,J_error,0.0465761381919,7.11986740949e-05,0.0465620108303,0.0465902655535,100
AIPE_aperiodic_A0.4,E_input,7.19707991584,0.0164517330251,7.19381553509,7.2003442966,100
AIPE_aperiodic_A0.4,tail_error,1.17783919411e-10,1.69054709301e-11,1.14429507211e-10,1.2113833161e-10,100
AIPE_aperiodic_A0.4,final_error,1.73125558249e-12,4.31023341019e-13,1.64573120051e-12,1.81677996446e-12,100
AIPE_aperiodic_A0.4,max_error,9.12,1.78530579699e-15,9.12,9.12,100
AIPE_aperiodic_A0.4,pin_assignments,1489.12,4.51547283786,1488.22403223,1490.01596777,100
AIPE_aperiodic_A0.4,active_fraction,0.75,0,0.75,0.75,100
AIPE_aperiodic_A0.4,sensing_instants,22512,0,22512,22512,100
CP_same_threshold,updates,352.2,1.53741222957,351.894944059,352.505055941,100
CP_same_threshold,J_error,0.0427747557819,7.11421185309e-05,0.0427606396422,0.0427888719217,100
CP_same_threshold,E_input,7.12592615386,0.0164860417759,7.12265496551,7.12919734222,100
CP_same_threshold,tail_error,7.5742568855e-07,4.68855085539e-07,6.64394667697e-07,8.50456709403e-07,100
CP_same_threshold,final_error,8.18440339227e-07,9.33829946971e-07,6.33148218167e-07,1.00373246029e-06,100
CP_same_threshold,max_error,9.12,1.78530579699e-15,9.12,9.12,100
CP_same_threshold,pin_assignments,1408.8,6.14964891829,1407.57977624,1410.02022376,100
CP_same_threshold,active_fraction,1,0,1,1,100
CP_same_threshold,sensing_instants,30000,0,30000,30000,100
CP_grid_x0.1,updates,954.66,1.81586721359,954.299692549,955.020307451,100
CP_grid_x0.1,J_error,0.0427737400939,7.11824207983e-05,0.0427596159573,0.0427878642305,100
CP_grid_x0.1,E_input,7.07768982577,0.0164403236327,7.07442770889,7.08095194265,100
CP_grid_x0.1,tail_error,7.61575543144e-08,6.51407277062e-08,6.32322206996e-08,8.90828879293e-08,100
CP_grid_x0.1,final_error,7.99938982118e-08,7.52752175064e-08,6.50576619513e-08,9.49301344723e-08,100
CP_grid_x0.1,max_error,9.12,1.78530579699e-15,9.12,9.12,100
CP_grid_x0.1,pin_assignments,3818.64,7.26346885434,3817.1987702,3820.0812298,100
CP_grid_x0.1,active_fraction,1,0,1,1,100
CP_grid_x0.1,sensing_instants,30000,0,30000,30000,100
CP_grid_x0.3,updates,598.38,2.85961076676,597.812591184,598.947408816,100
CP_grid_x0.3,J_error,0.0427747940476,7.13513441769e-05,0.0427606363929,0.0427889517023,100
CP_grid_x0.3,E_input,7.08898271269,0.0168101595064,7.08564721234,7.09231821303,100
CP_grid_x0.3,tail_error,2.31775260348e-07,1.88422764616e-07,1.94388095988e-07,2.69162424708e-07,100
CP_grid_x0.3,final_error,3.35172526903e-07,2.63008742721e-07,2.82985886333e-07,3.87359167473e-07,100
CP_grid_x0.3,max_error,9.12,1.78530579699e-15,9.12,9.12,100
CP_grid_x0.3,pin_assignments,2393.52,11.438443067,2391.25036474,2395.78963526,100
CP_grid_x0.3,active_fraction,1,0,1,1,100
CP_grid_x0.3,sensing_instants,30000,0,30000,30000,100
CP_grid_x3.0,updates,209.9,1.66666666667,209.569297175,210.230702825,100
CP_grid_x3.0,J_error,0.0427813152471,7.15643686468e-05,0.0427671153238,0.0427955151705,100
CP_grid_x3.0,E_input,7.18595554911,0.0176485436314,7.18245369517,7.18945740305,100
CP_grid_x3.0,tail_error,2.44372116799e-06,1.83955186109e-06,2.0787141694e-06,2.80872816659e-06,100
CP_grid_x3.0,final_error,2.52085969767e-06,2.91602243037e-06,1.94225758394e-06,3.0994618114e-06,100
CP_grid_x3.0,max_error,9.12,1.78530579699e-15,9.12,9.12,100
CP_grid_x3.0,pin_assignments,839.6,6.66666666667,838.277188699,840.922811301,100
CP_grid_x3.0,active_fraction,1,0,1,1,100
CP_grid_x3.0,sensing_instants,30000,0,30000,30000,100
CP_grid_x10.0,updates,119.37,1.95739984199,118.981609405,119.758390595,100
CP_grid_x10.0,J_error,0.0427939946756,7.09120212793e-05,0.0427799241921,0.042808065159,100
CP_grid_x10.0,E_input,7.30664685486,0.0167770143394,7.30331793123,7.30997577848,100
CP_grid_x10.0,tail_error,7.63736634754e-06,6.0872514992e-06,6.42952358626e-06,8.84520910882e-06,100
CP_grid_x10.0,final_error,6.7696100376e-06,8.61936361026e-06,5.05934129893e-06,8.47987877627e-06,100
CP_grid_x10.0,max_error,9.12,1.78530579699e-15,9.12,9.12,100
CP_grid_x10.0,pin_assignments,477.48,7.82959936795,475.926437621,479.033562379,100
CP_grid_x10.0,active_fraction,1,0,1,1,100
CP_grid_x10.0,sensing_instants,30000,0,30000,30000,100
AIPE_grid_x0.1,updates,983.44,1.76566581141,983.089653597,983.790346403,100
AIPE_grid_x0.1,J_error,0.0465920139574,7.12317971239e-05,0.0465778800235,0.0466061478913,100
AIPE_grid_x0.1,E_input,7.14544240182,0.0164126044977,7.14218578501,7.14869901863,100
AIPE_grid_x0.1,tail_error,3.26980155972e-10,4.4697694704e-11,3.1811116362e-10,3.35849148325e-10,100
AIPE_grid_x0.1,final_error,4.86041287975e-12,1.16198514785e-12,4.62984981698e-12,5.09097594253e-12,100
AIPE_grid_x0.1,max_error,9.12,1.78530579699e-15,9.12,9.12,100
AIPE_grid_x0.1,pin_assignments,3933.76,7.06266324563,3932.35861439,3935.16138561,100
AIPE_grid_x0.1,active_fraction,0.75,0,0.75,0.75,100
AIPE_grid_x0.1,sensing_instants,22512,0,22512,22512,100
AIPE_grid_x0.3,updates,624.66,2.61008146473,624.142103211,625.177896789,100
AIPE_grid_x0.3,J_error,0.0465874918668,7.14608729829e-05,0.0465733124792,0.0466016712543,100
AIPE_grid_x0.3,E_input,7.15790033468,0.0167834626107,7.15457013158,7.16123053778,100
AIPE_grid_x0.3,tail_error,2.36142041345e-10,3.32559575836e-11,2.29543337868e-10,2.42740744823e-10,100
AIPE_grid_x0.3,final_error,3.49655459507e-12,8.44732127859e-13,3.32894141431e-12,3.66416777582e-12,100
AIPE_grid_x0.3,max_error,9.12,1.78530579699e-15,9.12,9.12,100
AIPE_grid_x0.3,pin_assignments,2498.64,10.4403258589,2496.56841285,2500.71158715,100
AIPE_grid_x0.3,active_fraction,0.75,0,0.75,0.75,100
AIPE_grid_x0.3,sensing_instants,22512,0,22512,22512,100
AIPE_grid_x3.0,updates,232.09,0.792579218868,231.932735088,232.247264912,100
AIPE_grid_x3.0,J_error,0.0465656463709,7.16992991115e-05,0.0465514196744,0.0465798730674,100
AIPE_grid_x3.0,E_input,7.26064743484,0.0176238803305,7.25715047463,7.26414439505,100
AIPE_grid_x3.0,tail_error,9.47933853652e-11,1.38244989095e-11,9.2050304857e-11,9.75364658734e-11,100
AIPE_grid_x3.0,final_error,1.39016623297e-12,3.49804702081e-13,1.32075739101e-12,1.45957507493e-12,100
AIPE_grid_x3.0,max_error,9.12,1.78530579699e-15,9.12,9.12,100
AIPE_grid_x3.0,pin_assignments,928.36,3.17031687547,927.730940351,928.989059649,100
AIPE_grid_x3.0,active_fraction,0.75,0,0.75,0.75,100
AIPE_grid_x3.0,sensing_instants,22512,0,22512,22512,100
AIPE_grid_x10.0,updates,141.84,0.465366153223,141.747661259,141.932338741,100
AIPE_grid_x10.0,J_error,0.0465442969003,7.08884902924e-05,0.0465302310859,0.0465583627147,100
AIPE_grid_x10.0,E_input,7.3882677065,0.0164912525447,7.38499548422,7.39153992879,100
AIPE_grid_x10.0,tail_error,6.19538762397e-11,9.25455838197e-12,6.01175710777e-11,6.37901814017e-11,100
AIPE_grid_x10.0,final_error,9.04257910012e-13,2.31365725405e-13,8.58349930578e-13,9.50165889447e-13,100
AIPE_grid_x10.0,max_error,9.12,1.78530579699e-15,9.12,9.12,100
AIPE_grid_x10.0,pin_assignments,567.36,1.86146461289,566.990645036,567.729354964,100
AIPE_grid_x10.0,active_fraction,0.75,0,0.75,0.75,100
AIPE_grid_x10.0,sensing_instants,22512,0,22512,22512,100
