case,group,parameter,parameter_value,active_matrix_maxeig,rest_matrix_maxeig,muEhat,b,r,rmin,Lambda4,R_ultimate,h_certified_limit,active_matrix_ok,rest_matrix_ok,sampling_ok,finite_horizon_schedule_max_deficit,finite_horizon_schedule_check,d,lambda_c,Nc,Lambda2,rbar,Tc,R_minrate,R_av,improvement_ratio,improvement_percent,schedule_all_window_verified,certified
reference_complete,reference,baseline,NaN,-1.41847518499,-0.11,0.857290145415,1.71458029083,1.28530951731,0.2,0.00857352454119,0.017822173958393,6.99790825027e-05,1,1,1,0.013125,1,0.2,0.75,0.05,0.2,1.01398213798349,0.0666666666666667,0.085735245411932,0.017822173958393,0.207874531329127,79.2125468670873,1,1
sparse_degree_p4,M13_sparse_pin_count,pins,4,2.48882529906,-0.11,0.857290145415,1.71458029083,1.28530951731,0.2,0.00857352454119,0.017822173958393,6.99790825027e-05,0,1,1,0.013125,1,0.2,0.75,0.05,0.2,1.01398213798349,0.0666666666666667,0.085735245411932,0.017822173958393,0.207874531329126,79.2125468670874,1,0
sparse_leaf_p4,M13_sparse_location,pinning_rule,2,3.23111184696,-0.11,0.857290145415,1.71458029083,1.28530951731,0.2,0.00857352454119,0.017822173958393,6.99790825027e-05,0,1,1,0.013125,1,0.2,0.75,0.05,0.2,1.01398213798349,0.0666666666666667,0.085735245411932,0.017822173958393,0.207874531329126,79.2125468670874,1,0
sparse_degree_p2,M13_sparse_pin_count,pins,2,4.30417749098,-0.11,0.857290145415,1.71458029083,1.28530951731,0.2,0.00857352454119,0.017822173958393,6.99790825027e-05,0,1,1,0.013125,1,0.2,0.75,0.05,0.2,1.01398213798349,0.0666666666666667,0.085735245411932,0.017822173958393,0.207874531329126,79.2125468670874,1,0
sparse_degree_p6,M13_sparse_pin_count,pins,6,0.178563780847,-0.11,0.857290145415,1.71458029083,1.28530951731,0.2,0.00857352454119,0.017822173958393,6.99790825027e-05,0,1,1,0.013125,1,0.2,0.75,0.05,0.2,1.01398213798349,0.0666666666666667,0.085735245411932,0.017822173958393,0.207874531329126,79.2125468670874,1,0
hs_1e-05,M14_sampling,hs,1e-05,-1.41847518499,-0.11,0.20327964748,0.406559294959,2.59343016107,0.2,0.00857335756247,0.00961622597463674,6.99790825027e-05,1,1,1,0.013125,1,0.2,0.75,0.05,0.2,1.99507262080455,0.0666666666666667,0.0857335756246607,0.00961622597463674,0.112164060632865,88.7835939367135,1,1
hs_5e-05,M14_sampling,hs,5e-05,-1.41847518499,-0.11,0.857290145415,1.71458029083,1.28530951731,0.2,0.00857352454119,0.017822173958393,6.99790825027e-05,1,1,1,0.013125,1,0.2,0.75,0.05,0.2,1.01398213798349,0.0666666666666667,0.085735245411932,0.017822173958393,0.207874531329127,79.2125468670873,1,1
hs_0.0001,M14_sampling,hs,0.0001,-1.41847518499,-0.11,2.86284595865,5.72569191729,NaN,NaN,0.00857404711219,NaN,6.99790825027e-05,1,1,0,0.013125,1,NaN,0.75,0.05,0.2,NaN,0.0666666666666667,NaN,NaN,NaN,NaN,1,0
hs_0.0005,M14_sampling,hs,0.0005,-1.41847518499,-0.11,68.7163345024,137.432669005,NaN,NaN,0.00859138395566,NaN,6.99790825027e-05,1,1,0,0.013125,1,NaN,0.75,0.05,0.2,NaN,0.0666666666666667,NaN,NaN,NaN,NaN,1,0
hs_0.001,M14_sampling,hs,0.001,-1.41847518499,-0.11,305.359194701,610.718389403,NaN,NaN,0.00865380891043,NaN,6.99790825027e-05,1,1,0,0.013125,1,NaN,0.75,0.05,0.2,NaN,0.0666666666666667,NaN,NaN,NaN,NaN,1,0
hs_0.005,M14_sampling,hs,0.005,-1.41847518499,-0.11,250046.51544,500093.03088,NaN,NaN,0.0746043036992,NaN,6.99790825027e-05,1,1,0,0.013125,1,NaN,0.75,0.05,0.2,NaN,0.0666666666666667,NaN,NaN,NaN,NaN,1,0
hs_0.01,M14_sampling,hs,0.01,-1.41847518499,-0.11,54599335641.7,109198671283,NaN,NaN,14421.3250298,NaN,6.99790825027e-05,1,1,0,0.013125,1,NaN,0.75,0.05,0.2,NaN,0.0666666666666667,NaN,NaN,NaN,NaN,1,0
hs_0.02,M14_sampling,hs,0.02,-1.41847518499,-0.11,1.93464708436e+30,3.86929416873e+30,NaN,NaN,5.11051367536e+23,NaN,6.99790825027e-05,1,1,0,0.013125,1,NaN,0.75,0.05,0.2,NaN,0.0666666666666667,NaN,NaN,NaN,NaN,1,0
hs_0.05,M14_sampling,hs,0.05,-1.41847518499,-0.11,5.11320544206e+163,1.02264108841e+164,NaN,NaN,1.35077557199e+157,NaN,6.99790825027e-05,1,1,0,0.013125,1,NaN,0.75,0.05,0.2,NaN,0.0666666666666667,NaN,NaN,NaN,NaN,1,0
hs_0.1,M14_sampling,hs,0.1,-1.41847518499,-0.11,Inf,Inf,NaN,NaN,Inf,NaN,6.99790825027e-05,1,1,0,0.013125,1,NaN,0.75,0.05,0.2,NaN,0.0666666666666667,NaN,NaN,NaN,NaN,1,0
sigma0_1e-06,M15_sigma0,sigma0,1e-06,-1.41847518499,-0.11,0.857290145415,1.71458029083,1.28530951731,0.2,0.00171470490824,0.00356443479167861,6.99790825027e-05,1,1,1,0.013125,1,0.2,0.75,0.05,0.2,1.01398213798349,0.0666666666666667,0.0171470490823864,0.00356443479167861,0.207874531329127,79.2125468670873,1,1
sigma0_5e-06,M15_sigma0,sigma0,5e-06,-1.41847518499,-0.11,0.857290145415,1.71458029083,1.28530951731,0.2,0.00857352454119,0.017822173958393,6.99790825027e-05,1,1,1,0.013125,1,0.2,0.75,0.05,0.2,1.01398213798349,0.0666666666666667,0.085735245411932,0.017822173958393,0.207874531329127,79.2125468670873,1,1
sigma0_2e-05,M15_sigma0,sigma0,2e-05,-1.41847518499,-0.11,0.857290145415,1.71458029083,1.28530951731,0.2,0.0342940981648,0.0712886958335721,6.99790825027e-05,1,1,1,0.013125,1,0.2,0.75,0.05,0.2,1.01398213798349,0.0666666666666667,0.342940981647728,0.0712886958335721,0.207874531329127,79.2125468670873,1,1
sigma1_2e-05,M15_sigma1,sigma1,2e-05,-1.41847518499,-0.11,0.720113752756,1.44022750551,1.55966017683,0.2,0.00857352454119,0.0150072499739578,7.35521481785e-05,1,1,1,0.013125,1,0.2,0.75,0.05,0.2,1.21974513262614,0.0666666666666667,0.085735245411932,0.0150072499739578,0.175041780097001,82.4958219902999,1,1
sigma1_0.0001,M15_sigma1,sigma1,0.0001,-1.41847518499,-0.11,0.857290145415,1.71458029083,1.28530951731,0.2,0.00857352454119,0.017822173958393,6.99790825027e-05,1,1,1,0.013125,1,0.2,0.75,0.05,0.2,1.01398213798349,0.0666666666666667,0.085735245411932,0.017822173958393,0.207874531329127,79.2125468670873,1,1
sigma1_0.0003,M15_sigma1,sigma1,0.0003,-1.41847518499,-0.11,1.20023112706,2.40046225413,0.599465795046,0.2,0.00857352454119,0.0350025657283252,6.01375454893e-05,1,1,1,0.013125,1,0.2,0.75,0.05,0.2,0.499599346284437,0.0666666666666667,0.085735245411932,0.0350025657283252,0.408263434252138,59.1736565747862,1,1
duty_0.50,M15_lambda_c,lambda_c,0.5,-0.16847518499,1.14,0.857290145415,1.71458029083,1.28530951731,0.2,0.00857352454119,0.0243293380215888,6.99790825027e-05,1,0,1,0.0175,1,0.2,0.5,0.05,0.2,0.742654758655661,0.1,0.085735245411932,0.0243293380215888,0.283772885989812,71.6227114010187,1,0
duty_0.75,M15_lambda_c,lambda_c,0.75,-1.41847518499,-0.11,0.857290145415,1.71458029083,1.28530951731,0.2,0.00857352454119,0.017822173958393,6.99790825027e-05,1,1,1,0.013125,1,0.2,0.75,0.05,0.2,1.01398213798349,0.0666666666666667,0.085735245411932,0.017822173958393,0.207874531329127,79.2125468670873,1,1
duty_0.90,M15_lambda_c,lambda_c,0.9,-2.16847518499,-0.86,0.857290145415,1.71458029083,1.28530951731,0.2,0.00857352454119,0.0153575125156836,6.99790825027e-05,1,1,1,0.0063,1,0.2,0.9,0.05,0.2,1.17677856558019,0.0555555555555556,0.085735245411932,0.0153575125156836,0.179127177415722,82.0872822584278,0,0
noise_0.10,M15_noise,noise,0.1,-1.44847518499,-0.14,0.83669831022,1.67339662044,1.32649238849,0.2,0.00857352453911,0.0173289042842142,7.07535575139e-05,1,1,1,0.013125,1,0.2,0.75,0.05,0.2,1.04486929136391,0.0666666666666667,0.0857352453910601,0.0173289042842142,0.202121125392162,79.7878874607838,1,1
noise_0.20,M15_noise,noise,0.2,-1.41847518499,-0.11,0.857290145415,1.71458029083,1.28530951731,0.2,0.00857352454119,0.017822173958393,6.99790825027e-05,1,1,1,0.013125,1,0.2,0.75,0.05,0.2,1.01398213798349,0.0666666666666667,0.085735245411932,0.017822173958393,0.207874531329127,79.2125468670873,1,1
noise_0.40,M15_noise,noise,0.4,-1.29847518499,0.00999999999998,0.939662427395,1.87932485479,1.12056984652,0.2,0.00857352454954,0.0201375921757111,6.69671145435e-05,1,0,1,0.013125,1,0.2,0.75,0.05,0.2,0.89042738489148,0.0666666666666667,0.0857352454954222,0.0201375921757111,0.234881139715012,76.5118860284988,1,0
gain_18,M15_gain,gain,18,0.6704314528,-0.11,0.580966991965,1.16193398393,1.8379592318,0.2,0.00593545428848,0.00898630305472276,8.71657555158e-05,0,1,1,0.013125,1,0.2,0.75,0.05,0.2,1.4284694238495,0.0666666666666667,0.0593545428847577,0.00898630305472276,0.151400425611406,84.8599574388594,1,0
gain_26,M15_gain,gain,26,-1.41847518499,-0.11,0.857290145415,1.71458029083,1.28530951731,0.2,0.00857352454119,0.017822173958393,6.99790825027e-05,1,1,1,0.013125,1,0.2,0.75,0.05,0.2,1.01398213798349,0.0666666666666667,0.085735245411932,0.017822173958393,0.207874531329127,79.2125468670873,1,1
gain_34,M15_gain,gain,34,-3.28109419724,-0.11,1.15337577319,2.30675154638,0.693168503856,0.2,0.0112116935964,0.0403116248694298,5.87538941778e-05,1,1,1,0.013125,1,0.2,0.75,0.05,0.2,0.56987637789221,0.0666666666666667,0.11211693596402,0.0403116248694298,0.359549826463027,64.0450173536972,1,1
