case,group,active_fraction,max_deficit_difference,ncycles,min_active_width,max_active_width,min_rest_width,max_rest_width
reference_complete,reference,0.75,0.013125,30,0.01881,0.0525,0.00627,0.0175
sparse_degree_p4,M13_sparse_pin_count,0.75,0.013125,30,0.01881,0.0525,0.00627,0.0175
sparse_leaf_p4,M13_sparse_location,0.75,0.013125,30,0.01881,0.0525,0.00627,0.0175
sparse_degree_p2,M13_sparse_pin_count,0.75,0.013125,30,0.01881,0.0525,0.00627,0.0175
sparse_degree_p6,M13_sparse_pin_count,0.75,0.013125,30,0.01881,0.0525,0.00627,0.0175
hs_1e-05,M14_sampling,0.75,0.013125,30,0.01881,0.0525,0.00627,0.0175
hs_5e-05,M14_sampling,0.75,0.013125,30,0.01881,0.0525,0.00627,0.0175
hs_0.0001,M14_sampling,0.75,0.013125,30,0.01881,0.0525,0.00627,0.0175
hs_0.0005,M14_sampling,0.75,0.013125,30,0.01881,0.0525,0.00627,0.0175
hs_0.001,M14_sampling,0.75,0.013125,30,0.01881,0.0525,0.00627,0.0175
hs_0.005,M14_sampling,0.75,0.013125,30,0.01881,0.0525,0.00627,0.0175
hs_0.01,M14_sampling,0.75,0.013125,30,0.01881,0.0525,0.00627,0.0175
hs_0.02,M14_sampling,0.75,0.013125,30,0.01881,0.0525,0.00627,0.0175
hs_0.05,M14_sampling,0.75,0.013125,30,0.01881,0.0525,0.00627,0.0175
hs_0.1,M14_sampling,0.75,0.013125,30,0.01881,0.0525,0.00627,0.0175
sigma0_1e-06,M15_sigma0,0.75,0.013125,30,0.01881,0.0525,0.00627,0.0175
sigma0_5e-06,M15_sigma0,0.75,0.013125,30,0.01881,0.0525,0.00627,0.0175
sigma0_2e-05,M15_sigma0,0.75,0.013125,30,0.01881,0.0525,0.00627,0.0175
sigma1_2e-05,M15_sigma1,0.75,0.013125,30,0.01881,0.0525,0.00627,0.0175
sigma1_0.0001,M15_sigma1,0.75,0.013125,30,0.01881,0.0525,0.00627,0.0175
sigma1_0.0003,M15_sigma1,0.75,0.013125,30,0.01881,0.0525,0.00627,0.0175
duty_0.50,M15_lambda_c,0.5,0.0175,30,0.01254,0.035,0.01254,0.035
duty_0.75,M15_lambda_c,0.75,0.013125,30,0.01881,0.0525,0.00627,0.0175
duty_0.90,M15_lambda_c,0.899993333333,0.0063,30,0.02257,0.063,0.00251,0.007
noise_0.10,M15_noise,0.75,0.013125,30,0.01881,0.0525,0.00627,0.0175
noise_0.20,M15_noise,0.75,0.013125,30,0.01881,0.0525,0.00627,0.0175
noise_0.40,M15_noise,0.75,0.013125,30,0.01881,0.0525,0.00627,0.0175
gain_18,M15_gain,0.75,0.013125,30,0.01881,0.0525,0.00627,0.0175
gain_26,M15_gain,0.75,0.013125,30,0.01881,0.0525,0.00627,0.0175
gain_34,M15_gain,0.75,0.013125,30,0.01881,0.0525,0.00627,0.0175
