case,active_matrix_maxeig,rest_matrix_maxeig,muEhat,r,rmin,Lambda4,R_ultimate,h_certified_limit,schedule_deficit_bound,aperiodic_amplitude,certified,schedule_certified
hs_1e-05,-1.41847518499,-0.11,0.20327964748,2.59343016107,0.2,0.00857335756247,0.0857335756247,6.99790825027e-05,0.013125,0.4,1,1
hs_5e-05,-1.41847518499,-0.11,0.857290145415,1.28530951731,0.2,0.00857352454119,0.0857352454119,6.99790825027e-05,0.013125,0.4,1,1
hs_0.0001,-1.41847518499,-0.11,2.86284595865,NaN,NaN,0.00857404711219,NaN,6.99790825027e-05,0.013125,0.4,0,1
hs_0.0005,-1.41847518499,-0.11,68.7163345024,NaN,NaN,0.00859138395566,NaN,6.99790825027e-05,0.013125,0.4,0,1
hs_0.001,-1.41847518499,-0.11,305.359194701,NaN,NaN,0.00865380891043,NaN,6.99790825027e-05,0.013125,0.4,0,1
hs_0.005,-1.41847518499,-0.11,250046.51544,NaN,NaN,0.0746043036992,NaN,6.99790825027e-05,0.013125,0.4,0,1
hs_0.01,-1.41847518499,-0.11,54599335641.7,NaN,NaN,14421.3250298,NaN,6.99790825027e-05,0.013125,0.4,0,1
hs_0.02,-1.41847518499,-0.11,1.93464708436e+30,NaN,NaN,5.11051367536e+23,NaN,6.99790825027e-05,0.013125,0.4,0,1
hs_0.05,-1.41847518499,-0.11,5.11320544206e+163,NaN,NaN,1.35077557199e+157,NaN,6.99790825027e-05,0.013125,0.4,0,1
hs_0.1,-1.41847518499,-0.11,Inf,NaN,NaN,Inf,NaN,6.99790825027e-05,0.013125,0.4,0,1
